family,speaker,age,entropy,segment_length
Alex,Mother,16.9,5.225212941419514,203.86652078774617
Alex,Mother,17.4,4.497740203202989,236.44814814814814
Alex,Mother,17.866666666666667,4.611162292766223,193.625
Alex,Mother,18.466666666666665,4.955916687369841,219.57014388489208
Alex,Mother,19.233333333333334,5.76583019654637,227.60341151385927
Alex,Mother,19.866666666666667,5.571177385799202,184.63730569948186
Alex,Mother,20.366666666666667,4.36992897497415,177.3523076923077
Alex,Mother,20.833333333333332,4.540510910587046,145.03971119133573
Alex,Mother,21.266666666666666,4.628749067379093,143.00249376558602
Alex,Mother,21.733333333333334,4.582142144168373,154.55741127348642
Alex,Mother,22.2,4.452035812661528,168.9906890130354
Alex,Mother,22.8,4.635216068608944,146.3265306122449
Alex,Mother,23.1,4.503289727825094,123.99713055954089
Alex,Mother,23.566666666666666,4.9255748571312425,164.60621761658032
Alex,Mother,23.9,4.693889153181232,128.8860398860399
Alex,Mother,24.4,4.706955922087246,179.2970479704797
Alex,Mother,25.066666666666666,4.542034502154797,156.6562962962963
Alex,Mother,25.566666666666666,4.722469343878892,185.73463268365816
Alex,Mother,26.0,4.71902860067527,176.0929203539823
Alex,Mother,26.566666666666666,4.415901570504275,156.07871198568873
Alex,Mother,27.0,4.521038913228211,128.49403973509934
Alex,Mother,27.466666666666665,4.791276393952259,127.25961538461539
Alex,Mother,27.866666666666667,4.63491896886237,125.49818181818182
Alex,Mother,28.366666666666667,4.64396708152422,83.5691382765531
Alex,Mother,28.833333333333332,4.6534822689251465,95.88996138996139
Alex,Mother,29.3,4.433763398220971,84.27824620573355
Alex,Mother,29.766666666666666,4.973852793359295,108.30151843817788
Alex,Mother,30.2,4.860785508656126,148.3212927756654
Alex,Mother,30.666666666666668,5.566493401062118,182.30212765957447
Alex,Mother,31.166666666666668,4.586073566643115,146.75172413793103
Alex,Mother,31.8,4.402684553327668,226.61320754716982
Alex,Mother,32.333333333333336,4.233056319264557,119.51097178683385
Alex,Mother,32.53333333333333,5.015723422422172,155.83510638297872
Alex,Mother,32.93333333333333,4.7481177537933625,159.64661654135338
Alex,Mother,33.43333333333333,4.613688354968949,147.59405940594058
Alex,Mother,33.86666666666667,4.388887402631742,120.51749539594843
Alex,Mother,34.36666666666667,4.566386294122205,160.3734335839599
Alex,Mother,34.833333333333336,4.831201473618217,162.0940366972477
Alex,Mother,35.266666666666666,4.245234700641949,129.80745341614906
Alex,Mother,35.733333333333334,4.261379167783443,121.88967136150235
Alex,Mother,36.2,5.728700064331286,126.7841845140033
Alex,Mother,37.1,4.507613647862343,139.25672371638143
Alex,Mother,37.63333333333333,4.6887195141321945,153.18199233716476
Alex,Mother,38.0,4.408240900925846,138.53812636165577
Alex,Mother,38.46666666666667,4.565690448032357,128.52173913043478
Alex,Mother,39.03333333333333,4.955726929821471,145.66514806378132
Alex,Mother,39.43333333333333,4.532148911239942,210.81603773584905
Alex,Mother,39.9,4.492147408222518,121.90809628008753
Alex,Mother,40.333333333333336,4.522965943795993,135.1038062283737
Alex,Mother,40.8,4.712716025548577,174.0249433106576
Alex,Mother,41.53333333333333,4.3326837116481824,179.04197271773347
Alex,Target_Child,16.9,5.390389461890465,284.3859649122807
Alex,Target_Child,17.4,4.570170270226775,236.4822695035461
Alex,Target_Child,17.866666666666667,5.0506799422616755,211.07096774193548
Alex,Target_Child,18.466666666666665,5.84712304745671,203.01273885350318
Alex,Target_Child,19.233333333333334,5.982593241673747,238.64814814814815
Alex,Target_Child,19.866666666666667,5.3735998608585,187.5528846153846
Alex,Target_Child,20.366666666666667,4.747293825905343,168.97486033519553
Alex,Target_Child,20.833333333333332,5.129599440891186,155.69665809768637
Alex,Target_Child,21.266666666666666,4.77316779386744,134.95486111111111
Alex,Target_Child,21.733333333333334,4.907762343391174,123.38
Alex,Target_Child,22.2,4.768365117766131,146.7088948787062
Alex,Target_Child,22.8,4.993403487983875,131.0692124105012
Alex,Target_Child,23.1,5.110023832435229,115.40311804008908
Alex,Target_Child,23.566666666666666,5.080931708881765,143.87593984962405
Alex,Target_Child,23.9,4.787485212448663,101.22779922779922
Alex,Target_Child,24.4,4.95993374734069,163.43272727272728
Alex,Target_Child,25.066666666666666,4.597643421713891,122.6360544217687
Alex,Target_Child,25.566666666666666,4.7840655136825845,131.06153846153848
Alex,Target_Child,26.0,4.9634655035370745,171.18994413407822
Alex,Target_Child,26.566666666666666,4.708672569537379,134.7192429022082
Alex,Target_Child,27.0,4.7639641876199335,130.8537634408602
Alex,Target_Child,27.466666666666665,4.975515146664469,120.34909909909909
Alex,Target_Child,27.866666666666667,4.927744641160335,103.1590909090909
Alex,Target_Child,28.366666666666667,4.880818933315164,92.14583333333333
Alex,Target_Child,28.833333333333332,4.742715284191316,106.26140350877193
Alex,Target_Child,29.3,4.850674858273582,84.62152777777777
Alex,Target_Child,29.766666666666666,5.1994254756150715,109.64556962025317
Alex,Target_Child,30.2,5.187120843240816,158.83
Alex,Target_Child,30.666666666666668,5.478166327083332,169.31304347826088
Alex,Target_Child,31.166666666666668,4.833735081674168,152.54744525547446
Alex,Target_Child,31.8,4.643336133192433,179.52032520325204
Alex,Target_Child,32.333333333333336,4.8539538227203805,134.86195286195286
Alex,Target_Child,32.53333333333333,5.1700080936481605,134.24842105263158
Alex,Target_Child,32.93333333333333,5.243545950052302,117.41317365269461
Alex,Target_Child,33.43333333333333,4.829027435060875,124.0
Alex,Target_Child,33.86666666666667,4.926430323593737,113.81798715203426
Alex,Target_Child,34.36666666666667,4.825222725492739,158.75886524822695
Alex,Target_Child,34.833333333333336,4.89443463159325,155.625
Alex,Target_Child,35.266666666666666,4.883550117945011,146.0995260663507
Alex,Target_Child,35.733333333333334,4.688747100894748,132.7425287356322
Alex,Target_Child,36.2,6.066711070714243,204.48329621380847
Alex,Target_Child,37.1,4.644876343741867,158.53978494623655
Alex,Target_Child,37.63333333333333,4.672278019547694,156.65402843601896
Alex,Target_Child,38.0,4.807312303288561,139.0801687763713
Alex,Target_Child,38.46666666666667,5.252811473356812,131.1169230769231
Alex,Target_Child,39.03333333333333,5.141954206624235,168.54198473282443
Alex,Target_Child,39.43333333333333,4.8782190559502805,178.28366762177652
Alex,Target_Child,39.9,4.913060694296814,129.89545454545456
Alex,Target_Child,40.333333333333336,4.824052801958556,121.6986301369863
Alex,Target_Child,40.8,5.029782845376549,152.28438228438227
Alex,Target_Child,41.53333333333333,5.723135862379505,117.46052631578948
Ethan,Mother,11.133333333333333,5.204284857236742,99.16260162601625
Ethan,Mother,11.7,4.202049486964886,172.62616822429908
Ethan,Mother,12.2,4.338386345103488,180.92133620689654
Ethan,Mother,12.7,4.2488715141671465,170.7558859975217
Ethan,Mother,13.166666666666666,4.186323614393095,188.71345029239765
Ethan,Mother,13.566666666666666,4.596464905785586,86.59156492785793
Ethan,Mother,14.033333333333333,4.052061799805103,183.27492877492878
Ethan,Mother,14.6,4.395472745782169,144.2855464159812
Ethan,Mother,14.933333333333334,4.373881714197873,164.37383177570092
Ethan,Mother,15.5,3.6691296712043555,180.97164461247638
Ethan,Mother,16.0,4.261960059579886,177.59529411764706
Ethan,Mother,16.366666666666667,4.344372095535166,170.25581395348837
Ethan,Mother,16.866666666666667,3.92629601105451,181.44692737430168
Ethan,Mother,17.566666666666666,4.073838429617399,197.8693009118541
Ethan,Mother,18.066666666666666,4.739727689877665,147.3180987202925
Ethan,Mother,18.666666666666668,4.296195480666329,167.2528735632184
Ethan,Mother,19.0,4.367105242063989,154.34626038781164
Ethan,Mother,19.466666666666665,4.478089115299058,254.09830508474576
Ethan,Mother,19.866666666666667,4.894830253364174,195.68194070080864
Ethan,Mother,20.133333333333333,4.110088622437283,227.07491856677524
Ethan,Mother,20.666666666666668,3.6860687680731608,241.74927113702623
Ethan,Mother,21.133333333333333,3.8490996992278683,222.64414414414415
Ethan,Mother,21.6,3.794867539585162,198.5
Ethan,Mother,21.866666666666667,3.7968408741516493,179.67224880382776
Ethan,Mother,22.366666666666667,4.0744874589675275,196.95701357466064
Ethan,Mother,22.766666666666666,4.06288543690833,171.87543252595157
Ethan,Mother,23.333333333333332,3.918413521320765,211.89419795221843
Ethan,Mother,23.7,4.808917500329379,184.18561484918794
Ethan,Mother,24.233333333333334,4.13698675873894,199.17857142857142
Ethan,Mother,24.833333333333332,4.331083032358828,139.5764411027569
Ethan,Mother,25.733333333333334,4.078829597545304,153.6180904522613
Ethan,Mother,26.266666666666666,4.308958535467067,161.76234567901236
Ethan,Mother,26.733333333333334,4.1437985964324895,151.7915254237288
Ethan,Mother,27.633333333333333,4.187490957808702,195.2389240506329
Ethan,Mother,28.066666666666666,4.179487533267139,140.72337278106508
Ethan,Mother,28.633333333333333,3.9912510928341702,157.9177570093458
Ethan,Mother,29.0,4.091889797084652,145.63522012578616
Ethan,Mother,29.5,3.911193067141424,188.13244228432563
Ethan,Mother,29.866666666666667,4.125371766271355,136.85340314136127
Ethan,Mother,30.366666666666667,4.250075191422446,169.74778761061947
Ethan,Mother,30.8,4.667339492442302,144.5236541598695
Ethan,Mother,31.3,3.9610450375658814,139.79602888086643
Ethan,Mother,31.833333333333332,4.70800398086979,158.61480362537765
Ethan,Mother,32.333333333333336,4.850903482701574,137.77414772727272
Ethan,Mother,33.0,4.524582325701034,138.54833597464344
Ethan,Mother,33.233333333333334,4.399389266552417,144.89314516129033
Ethan,Mother,33.666666666666664,4.320240119249983,146.9967741935484
Ethan,Mother,34.166666666666664,4.2609400911002835,127.49009900990099
Ethan,Mother,34.6,4.077221314152217,165.80150753768845
Ethan,Mother,35.03333333333333,4.0595475826355845,163.11798839458413
Ethan,Target_Child,11.133333333333333,5.55766931894641,109.04584527220631
Ethan,Target_Child,11.7,4.706742212124484,136.20833333333334
Ethan,Target_Child,12.2,4.751569462452609,107.609375
Ethan,Target_Child,12.7,5.110051795022213,124.64049586776859
Ethan,Target_Child,13.166666666666666,4.900777688611288,151.07608695652175
Ethan,Target_Child,13.566666666666666,5.469973620919149,69.00342465753425
Ethan,Target_Child,14.033333333333333,5.062698774524762,151.75486381322958
Ethan,Target_Child,14.6,5.219943154455658,101.82112068965517
Ethan,Target_Child,14.933333333333334,5.190995750613547,162.40151515151516
Ethan,Target_Child,15.5,4.666399406043944,151.10452961672473
Ethan,Target_Child,16.0,5.005201816598998,162.44621513944224
Ethan,Target_Child,16.366666666666667,4.889287114809765,141.10746268656717
Ethan,Target_Child,16.866666666666667,4.765605587040753,161.67455621301775
Ethan,Target_Child,17.566666666666666,5.072781744535938,158.82995951417004
Ethan,Target_Child,18.066666666666666,5.79181564978317,129.6560934891486
Ethan,Target_Child,18.666666666666668,5.305595730593123,160.21468926553672
Ethan,Target_Child,19.0,5.279331247767985,118.76294277929155
Ethan,Target_Child,19.466666666666665,5.471073710005658,195.9
Ethan,Target_Child,19.866666666666667,7.0874652477538636,230.3962962962963
Ethan,Target_Child,20.133333333333333,5.156351437730073,203.6635944700461
Ethan,Target_Child,20.666666666666668,4.5471900374524,240.12765957446808
Ethan,Target_Child,21.133333333333333,5.011314985882698,314.9428571428571
Ethan,Target_Child,21.6,4.791518796667871,253.0
Ethan,Target_Child,21.866666666666667,4.893980458804029,252.23529411764707
Ethan,Target_Child,22.366666666666667,4.862269850417904,194.95142857142858
Ethan,Target_Child,22.766666666666666,5.0654094393535525,167.89644012944984
Ethan,Target_Child,23.333333333333332,5.1238851559839595,168.80113636363637
Ethan,Target_Child,23.7,5.295179152079727,197.3804347826087
Ethan,Target_Child,24.233333333333334,4.817128102285104,255.93939393939394
Ethan,Target_Child,24.833333333333332,4.96925785382546,145.75276752767527
Ethan,Target_Child,25.733333333333334,4.917044841164775,228.70322580645163
Ethan,Target_Child,26.266666666666666,5.332022806075754,145.34285714285716
Ethan,Target_Child,26.733333333333334,4.883306959623354,178.64568764568764
Ethan,Target_Child,27.633333333333333,5.30140642560722,123.3556338028169
Ethan,Target_Child,28.066666666666666,5.353127597566879,150.75
Ethan,Target_Child,28.633333333333333,5.03357792190122,182.4235668789809
Ethan,Target_Child,29.0,5.155079959958303,151.56842105263158
Ethan,Target_Child,29.5,4.856382660010026,165.17391304347825
Ethan,Target_Child,29.866666666666667,5.201046009509954,147.86446886446888
Ethan,Target_Child,30.366666666666667,4.881796033892907,185.57270029673592
Ethan,Target_Child,30.8,6.60652641562991,169.09920634920636
Ethan,Target_Child,31.3,4.596363279370487,159.92592592592592
Ethan,Target_Child,31.833333333333332,5.550289314844382,142.4983922829582
Ethan,Target_Child,32.333333333333336,5.768666597026741,125.4375
Ethan,Target_Child,33.0,5.146067054085512,161.0125944584383
Ethan,Target_Child,33.233333333333334,5.205502180564877,144.32326283987916
Ethan,Target_Child,33.666666666666664,5.216393915927396,153.0043103448276
Ethan,Target_Child,34.166666666666664,5.2582957765318,129.49135802469135
Ethan,Target_Child,34.6,4.81701267056059,171.27868852459017
Ethan,Target_Child,35.03333333333333,5.063602553101388,154.4181818181818
Lily,Mother,13.066666666666666,4.608358093491831,122.50417362270451
Lily,Mother,13.566666666666666,4.336222572089217,148.2524115755627
Lily,Mother,14.066666666666666,4.165281934173656,147.841784989858
Lily,Mother,14.433333333333334,4.304267865733998,109.625
Lily,Mother,14.933333333333334,4.438471274775207,123.83041474654378
Lily,Mother,15.433333333333334,4.227968318998967,143.31071913161466
Lily,Mother,15.766666666666667,4.419476221589216,179.33704735376045
Lily,Mother,15.866666666666667,4.290098973775419,167.66320166320168
Lily,Mother,16.766666666666666,4.350510555071334,165.06838905775075
Lily,Mother,17.266666666666666,4.3551112858822725,137.72207084468664
Lily,Mother,17.7,4.510404291543046,144.73759791122714
Lily,Mother,18.366666666666667,4.55376955746786,155.14333895446882
Lily,Mother,18.6,4.504371575095817,158.2649930264993
Lily,Mother,19.033333333333335,3.8840967022536215,132.81594488188978
Lily,Mother,19.633333333333333,4.347776352891046,129.48805460750853
Lily,Mother,20.1,4.498785030933302,123.90538573508006
Lily,Mother,20.466666666666665,4.411737495769604,134.53753026634382
Lily,Mother,20.9,4.076895261462656,137.1160409556314
Lily,Mother,21.4,3.8490457685091117,150.80042918454936
Lily,Mother,21.833333333333332,3.7724541681235313,162.45355191256832
Lily,Mother,22.3,4.205183740858131,138.04930966469428
Lily,Mother,22.733333333333334,4.0194156820157705,157.47181008902078
Lily,Mother,23.233333333333334,4.075630166375744,172.6636197440585
Lily,Mother,23.866666666666667,3.9775863089604164,142.73198482932997
Lily,Mother,24.133333333333333,4.3227712917887375,132.36756756756756
Lily,Mother,24.366666666666667,3.956772577250145,142.61477572559366
Lily,Mother,24.766666666666666,4.341894358309423,108.48904267589388
Lily,Mother,25.033333333333335,4.425933354729871,125.12849162011173
Lily,Mother,25.266666666666666,4.40364874907479,114.63364779874213
Lily,Mother,25.5,4.464372958656197,111.71274038461539
Lily,Mother,25.766666666666666,4.2806245672272,118.55327868852459
Lily,Mother,26.033333333333335,4.1625893350664835,116.43939393939394
Lily,Mother,26.5,4.289621426147354,122.12905405405405
Lily,Mother,26.9,4.364030985540075,109.7433234421365
Lily,Mother,27.166666666666668,4.2632968715921535,131.00316957210777
Lily,Mother,27.566666666666666,4.196428026471268,142.17634854771785
Lily,Mother,28.066666666666666,4.029955120496411,165.6381818181818
Lily,Mother,28.3,3.957548103213726,150.0189982728843
Lily,Mother,28.533333333333335,3.8865414298480068,148.09059233449477
Lily,Mother,28.933333333333334,4.131567902842582,163.61882352941177
Lily,Mother,29.2,6.033379660524848,325.0
Lily,Mother,29.6,3.758170875043735,155.8641975308642
Lily,Mother,29.866666666666667,4.453923955021385,155.3861852433281
Lily,Mother,30.133333333333333,3.971457450426142,144.74155653450808
Lily,Mother,30.4,4.303967291170548,183.92627599243858
Lily,Mother,30.6,4.5875002798104845,118.22972972972973
Lily,Mother,30.766666666666666,3.7789464124394034,148.08942065491183
Lily,Mother,31.0,4.5615859744629494,126.79250720461096
Lily,Mother,31.033333333333335,3.83658808358369,176.985446985447
Lily,Mother,31.533333333333335,3.9862868371482247,161.74916943521595
Lily,Mother,31.7,4.648916119890672,153.85941644562334
Lily,Mother,31.933333333333334,4.192265410853434,150.85301204819277
Lily,Mother,32.2,4.474490383454922,137.4366471734893
Lily,Mother,32.43333333333333,3.934673097950694,151.40718562874252
Lily,Mother,32.63333333333333,3.95777814247956,175.8521739130435
Lily,Mother,33.13333333333333,3.955777446170922,167.2647527910686
Lily,Mother,33.3,4.49274724274468,174.1329011345219
Lily,Mother,33.6,3.8785869715646895,175.45880452342487
Lily,Mother,33.766666666666666,3.7942315359069596,161.56137184115522
Lily,Mother,34.266666666666666,3.989626304433833,146.76350364963503
Lily,Mother,34.833333333333336,3.9209035874125617,168.86614173228347
Lily,Mother,34.93333333333333,4.08578805730432,137.89305816135084
Lily,Mother,35.2,4.126765144574052,128.3666061705989
Lily,Mother,35.833333333333336,4.223420702930991,155.9205298013245
Lily,Mother,36.1,4.241589016296801,157.34003350083754
Lily,Mother,36.333333333333336,4.493634060187405,149.42008486562943
Lily,Mother,36.833333333333336,4.406318908629329,144.4510556621881
Lily,Mother,37.0,4.69062383547283,126.62903225806451
Lily,Mother,37.7,4.701755263957137,136.1342812006319
Lily,Mother,38.6,4.6070115073078135,113.57333333333334
Lily,Mother,39.766666666666666,4.678635513261449,138.44883040935673
Lily,Mother,40.666666666666664,4.717283342326823,126.26045627376426
Lily,Mother,41.93333333333333,4.60244753804642,130.71828908554573
Lily,Mother,43.833333333333336,4.723877407536822,129.4322033898305
Lily,Mother,44.766666666666666,4.676437284367473,119.73198847262248
Lily,Mother,45.9,4.085315186254641,158.84426946631672
Lily,Mother,46.833333333333336,4.180441029876504,161.51290322580644
Lily,Mother,48.06666666666667,4.7929028311952155,152.1413043478261
Lily,Target_Child,13.066666666666666,5.101083617038369,81.78169014084507
Lily,Target_Child,13.566666666666666,4.985519847605199,115.31623931623932
Lily,Target_Child,14.066666666666666,4.732049447486176,126.13106796116504
Lily,Target_Child,14.433333333333334,5.226862467070639,78.06535947712419
Lily,Target_Child,14.933333333333334,4.909225985418758,99.421875
Lily,Target_Child,15.433333333333334,5.151880169797358,102.90352941176471
Lily,Target_Child,15.766666666666667,5.259821981450801,105.41454545454546
Lily,Target_Child,15.866666666666667,4.8816473721260145,107.62886597938144
Lily,Target_Child,16.766666666666666,5.549249987023741,102.38108108108108
Lily,Target_Child,17.266666666666666,5.871867099605078,69.57538461538462
Lily,Target_Child,17.7,5.355074811287959,91.5
Lily,Target_Child,18.366666666666667,5.498574695558166,106.46153846153847
Lily,Target_Child,18.6,5.086876420808867,109.07719298245614
Lily,Target_Child,19.033333333333335,4.367209617791703,103.05339805825243
Lily,Target_Child,19.633333333333333,4.4970977611269545,131.58254716981133
Lily,Target_Child,20.1,5.347609289884444,111.97975708502024
Lily,Target_Child,20.466666666666665,4.593987970971615,124.82440476190476
Lily,Target_Child,20.9,4.553083852524967,127.46179401993355
Lily,Target_Child,21.4,4.408412944193101,135.0603015075377
Lily,Target_Child,21.833333333333332,4.171536257392514,136.0391061452514
Lily,Target_Child,22.3,4.564132358904135,132.68627450980392
Lily,Target_Child,22.733333333333334,4.391523058599459,139.60115606936415
Lily,Target_Child,23.233333333333334,4.597237550352569,122.01904761904763
Lily,Target_Child,23.866666666666667,4.619137039726903,124.30952380952381
Lily,Target_Child,24.133333333333333,4.568473731526168,130.35687732342006
Lily,Target_Child,24.366666666666667,4.449997963262743,152.44489795918366
Lily,Target_Child,24.766666666666666,4.537673636759339,138.9095744680851
Lily,Target_Child,25.033333333333335,4.515815752043247,137.94375
Lily,Target_Child,25.266666666666666,4.535841148661018,139.85889570552146
Lily,Target_Child,25.5,4.591665261643653,129.3064935064935
Lily,Target_Child,25.766666666666666,4.446568084072755,139.43478260869566
Lily,Target_Child,26.033333333333335,4.474495076692937,117.13131313131314
Lily,Target_Child,26.5,4.663809619219839,152.81458003169573
Lily,Target_Child,26.9,4.391410310597307,163.79180887372013
Lily,Target_Child,27.166666666666668,4.4803220326436275,165.77224199288256
Lily,Target_Child,27.566666666666666,4.5504506140900505,150.98996655518394
Lily,Target_Child,28.066666666666666,4.516105908516377,155.5993265993266
Lily,Target_Child,28.3,4.492340107792924,141.6075085324232
Lily,Target_Child,28.533333333333335,4.287291981904673,172.04794520547946
Lily,Target_Child,28.933333333333334,4.321386026922852,191.73869346733667
Lily,Target_Child,29.2,5.934712744608123,218.8996282527881
Lily,Target_Child,29.6,4.274758754803137,139.0233918128655
Lily,Target_Child,29.866666666666667,4.715858485103442,117.15176151761517
Lily,Target_Child,30.133333333333333,4.724030213616144,137.52617079889808
Lily,Target_Child,30.4,5.064387342618568,126.10119047619048
Lily,Target_Child,30.6,5.057266657199931,109.9875
Lily,Target_Child,30.766666666666666,4.570986068369507,124.79536679536679
Lily,Target_Child,31.0,4.550535522578206,167.4396782841823
Lily,Target_Child,31.033333333333335,4.742909868434473,142.6415770609319
Lily,Target_Child,31.533333333333335,4.71270431559939,157.5049019607843
Lily,Target_Child,31.7,4.85947489120364,136.93229166666666
Lily,Target_Child,31.933333333333334,4.752001234289462,149.6421052631579
Lily,Target_Child,32.2,4.9509065429859955,108.22931442080379
Lily,Target_Child,32.43333333333333,4.424370477159585,157.48742138364778
Lily,Target_Child,32.63333333333333,4.735586288514264,164.05084745762713
Lily,Target_Child,33.13333333333333,4.510277658030978,137.99056603773585
Lily,Target_Child,33.3,5.99113472291637,149.841059602649
Lily,Target_Child,33.6,4.533640579536269,146.01098901098902
Lily,Target_Child,33.766666666666666,4.172443197570407,159.2268907563025
Lily,Target_Child,34.266666666666666,4.6204089365148135,163.11182108626198
Lily,Target_Child,34.833333333333336,4.531773944823399,137.3648068669528
Lily,Target_Child,34.93333333333333,4.607518823865959,154.32432432432432
Lily,Target_Child,35.2,4.395241203732802,127.38019169329074
Lily,Target_Child,35.833333333333336,4.835123420559393,126.94942528735632
Lily,Target_Child,36.1,4.737161110271337,129.95580110497238
Lily,Target_Child,36.333333333333336,4.771306524464213,131.09791666666666
Lily,Target_Child,36.833333333333336,4.888756113200738,135.91711229946523
Lily,Target_Child,37.0,4.921337775874883,133.5948051948052
Lily,Target_Child,37.7,5.518915161777796,135.09732824427482
Lily,Target_Child,38.6,4.85190661422109,119.95551894563427
Lily,Target_Child,39.766666666666666,5.668894176635158,122.20202020202021
Lily,Target_Child,40.666666666666664,4.874544417789561,132.84230769230768
Lily,Target_Child,41.93333333333333,4.88916090906446,137.21757322175733
Lily,Target_Child,43.833333333333336,4.739386248371373,164.85352622061484
Lily,Target_Child,44.766666666666666,4.801475237335826,154.97971014492754
Lily,Target_Child,45.9,4.844867991876175,126.08755760368663
Lily,Target_Child,46.833333333333336,5.00132996456014,117.82692307692308
Lily,Target_Child,48.06666666666667,4.983241673608849,148.71672354948805
Naima,Mother,11.866666666666667,4.3517573499379445,192.15924657534248
Naima,Mother,12.466666666666667,4.4680593877880534,208.52798507462686
Naima,Mother,12.866666666666667,5.466470001188687,234.4220430107527
Naima,Mother,13.366666666666667,4.3203564522955435,253.70478723404256
Naima,Mother,13.8,4.88940024485529,207.56768558951964
Naima,Mother,14.233333333333333,4.600719650126508,209.63174603174602
Naima,Mother,14.7,4.408299708987098,187.87816091954022
Naima,Mother,15.233333333333333,4.259051166708309,179.58747993579453
Naima,Mother,15.4,4.496925358639954,191.25
Naima,Mother,15.833333333333334,3.939095208082042,204.40381282495667
Naima,Mother,16.1,4.036770314933257,204.01326699834163
Naima,Mother,16.333333333333332,3.8850469945786994,194.87817258883248
Naima,Mother,16.533333333333335,4.318312135642273,203.14464692482915
Naima,Mother,16.766666666666666,4.176756567563604,152.16141001855289
Naima,Mother,17.066666666666666,3.924096162932405,162.58798283261802
Naima,Mother,17.366666666666667,4.134402943651191,171.69651741293532
Naima,Mother,17.8,3.855524868745439,172.24651162790698
Naima,Mother,18.133333333333333,3.9553376354429766,185.74704890387858
Naima,Mother,18.3,3.91763294278108,217.75389948006932
Naima,Mother,18.666666666666668,4.272708972676938,167.07581967213116
Naima,Mother,19.0,4.065825005168893,181.06118546845124
Naima,Mother,19.333333333333332,4.254113187897672,148.91316146540026
Naima,Mother,19.566666666666666,3.9672914631506395,167.69454545454545
Naima,Mother,19.766666666666666,4.732496601659223,141.07926023778072
Naima,Mother,20.033333333333335,4.405389820652634,245.41451612903225
Naima,Mother,20.266666666666666,3.9404057253106988,189.65160075329567
Naima,Mother,20.6,3.863929052024049,178.08603896103895
Naima,Mother,20.7,4.130964232539376,142.8111111111111
Naima,Mother,21.266666666666666,3.9324159443089224,167.19037199124728
Naima,Mother,21.333333333333332,4.23664007042028,182.62074554294975
Naima,Mother,21.5,4.2553450978070195,152.30258302583024
Naima,Mother,21.7,4.7717648163060575,260.65795724465556
Naima,Mother,21.833333333333332,4.19236647570098,209.9714738510301
Naima,Mother,22.166666666666668,3.969367982200836,156.2239819004525
Naima,Mother,22.4,3.9098610390186934,162.97175141242937
Naima,Mother,22.6,4.0280656387981635,204.59071729957805
Naima,Mother,22.9,4.010438602314754,190.09897610921502
Naima,Mother,23.233333333333334,3.632442125958817,201.14219114219114
Naima,Mother,23.533333333333335,4.281264753347889,184.39106145251398
Naima,Mother,23.733333333333334,3.946371695522115,185.70877944325483
Naima,Mother,23.866666666666667,3.773357503135731,200.00616016427105
Naima,Mother,24.133333333333333,3.8932994196671245,148.27173913043478
Naima,Mother,24.4,4.197623374953157,196.52380952380952
Naima,Mother,24.566666666666666,4.158102288644977,256.70152505446623
Naima,Mother,25.0,4.425355520155629,143.7608695652174
Naima,Mother,25.333333333333332,4.324764293938616,139.76137761377615
Naima,Mother,25.533333333333335,4.611733375837086,160.97264021887824
Naima,Mother,25.8,4.6768587226285385,158.76052631578946
Naima,Mother,26.066666666666666,4.397453178036495,150.91913214990137
Naima,Mother,26.366666666666667,4.762685863104977,253.26966292134833
Naima,Mother,26.566666666666666,3.935304291180901,126.23360655737704
Naima,Mother,27.2,4.119583975068581,158.4794520547945
Naima,Mother,27.533333333333335,4.633198111469867,136.53684210526316
Naima,Mother,27.8,4.3586182317392685,173.15119363395226
Naima,Mother,28.366666666666667,4.442740471011059,161.65013054830288
Naima,Mother,28.533333333333335,4.019102667333221,128.0
Naima,Mother,28.8,4.333045353678373,146.74080882352942
Naima,Mother,28.9,4.160620877679062,263.82890855457225
Naima,Mother,29.233333333333334,4.368457316116713,238.84
Naima,Mother,29.466666666666665,5.181718863225181,147.02158273381295
Naima,Mother,29.5,4.359319521706455,153.4327731092437
Naima,Mother,29.566666666666666,4.363117603131478,105.22802850356294
Naima,Mother,29.6,4.675958237713292,109.5672191528545
Naima,Mother,29.633333333333333,4.343062146809364,157.1209677419355
Naima,Mother,29.9,4.532181945618252,270.0568181818182
Naima,Mother,30.366666666666667,4.011931757352868,203.03655913978494
Naima,Mother,30.833333333333332,3.9554622776591675,269.854415274463
Naima,Mother,31.1,4.253358004660138,196.6458923512748
Naima,Mother,31.433333333333334,4.002508549084912,181.1366742596811
Naima,Mother,31.666666666666668,3.859362654099826,174.91840277777777
Naima,Mother,31.9,4.126419088367559,210.26392961876832
Naima,Mother,32.36666666666667,4.958624361629,326.5779625779626
Naima,Mother,32.63333333333333,4.225904954947783,166.7661927330174
Naima,Mother,33.56666666666667,4.723983986047652,173.8595387840671
Naima,Mother,33.766666666666666,4.350057704053794,184.3562091503268
Naima,Mother,34.03333333333333,4.079442700585516,126.88315217391305
Naima,Mother,34.266666666666666,4.8728353493333145,207.22144846796658
Naima,Mother,34.6,4.420669934143331,188.78554778554778
Naima,Mother,34.9,4.908488853074986,195.484375
Naima,Mother,35.46666666666667,4.4043522175395555,241.3627760252366
Naima,Mother,35.766666666666666,4.20707786243196,214.8909574468085
Naima,Mother,36.0,4.137734421529525,210.72598870056498
Naima,Mother,37.03333333333333,5.338106926998881,131.0146484375
Naima,Mother,38.63333333333333,4.21204699894197,178.26200873362444
Naima,Mother,39.833333333333336,5.220038521751048,149.32432432432432
Naima,Mother,42.766666666666666,3.9760380394824737,195.12475247524753
Naima,Mother,46.333333333333336,4.568239794656094,116.42777777777778
Naima,Target_Child,11.866666666666667,4.594187345473451,198.20430107526883
Naima,Target_Child,12.466666666666667,4.879286125410026,224.79032258064515
Naima,Target_Child,12.866666666666667,5.438574724678205,202.36813186813185
Naima,Target_Child,13.366666666666667,5.516615804037075,232.41666666666666
Naima,Target_Child,13.8,4.887796489129805,172.60416666666666
Naima,Target_Child,14.233333333333333,4.541351959826775,203.9078947368421
Naima,Target_Child,14.7,4.941625693466519,151.7557603686636
Naima,Target_Child,15.233333333333333,4.956473418224817,145.94078947368422
Naima,Target_Child,15.4,4.809122400167847,153.43843843843842
Naima,Target_Child,15.833333333333334,4.71289916074658,200.87455197132616
Naima,Target_Child,16.1,4.803464532978296,173.8507462686567
Naima,Target_Child,16.333333333333332,4.747955964919517,154.3255033557047
Naima,Target_Child,16.533333333333335,4.727201977897182,216.28608247422682
Naima,Target_Child,16.766666666666666,4.9886876695861115,111.0974930362117
Naima,Target_Child,17.066666666666666,4.880083829527653,119.30597014925372
Naima,Target_Child,17.366666666666667,4.677249315905373,175.30125523012552
Naima,Target_Child,17.8,4.511679861420741,164.27777777777777
Naima,Target_Child,18.133333333333333,4.5305021028169215,199.1439205955335
Naima,Target_Child,18.3,4.962536229672073,155.29275362318842
Naima,Target_Child,18.666666666666668,5.319347395475266,147.94985250737463
Naima,Target_Child,19.0,4.900998440027158,169.50895140664963
Naima,Target_Child,19.333333333333332,5.101922270017054,175.78902953586498
Naima,Target_Child,19.566666666666666,4.583142001283773,154.23821339950373
Naima,Target_Child,19.766666666666666,5.437116420964567,152.69649805447472
Naima,Target_Child,20.033333333333335,5.028499021432504,173.72564102564104
Naima,Target_Child,20.266666666666666,4.971498150147689,170.63185378590077
Naima,Target_Child,20.6,4.857796962556525,158.52927927927928
Naima,Target_Child,20.7,4.818525370811324,158.65441176470588
Naima,Target_Child,21.266666666666666,4.618599098987052,172.3733681462141
Naima,Target_Child,21.333333333333332,5.00280370007275,186.42164179104478
Naima,Target_Child,21.5,5.832982573750844,179.98235294117646
Naima,Target_Child,21.7,5.28212684226644,204.54427083333334
Naima,Target_Child,21.833333333333332,5.2591990335688745,186.38703339882122
Naima,Target_Child,22.166666666666668,4.713806250740952,169.09602649006624
Naima,Target_Child,22.4,4.60118481232008,157.33817427385893
Naima,Target_Child,22.6,4.555381099695231,202.13031161473089
Naima,Target_Child,22.9,4.685903476391496,214.95176848874598
Naima,Target_Child,23.233333333333334,4.642684366714104,209.3041958041958
Naima,Target_Child,23.533333333333335,5.0502125604354475,252.73134328358208
Naima,Target_Child,23.733333333333334,4.481462135788106,211.24814814814815
Naima,Target_Child,23.866666666666667,4.643380144295858,147.21518987341773
Naima,Target_Child,24.133333333333333,4.801472378116836,199.5290519877676
Naima,Target_Child,24.4,5.0871062597329155,220.28151260504202
Naima,Target_Child,24.566666666666666,5.319502395292711,242.75770925110132
Naima,Target_Child,25.0,5.003985541358309,146.54569892473117
Naima,Target_Child,25.333333333333332,4.628838028146028,229.41618497109826
Naima,Target_Child,25.533333333333335,5.08500772188206,143.22245322245323
Naima,Target_Child,25.8,5.221847859314171,278.20725388601034
Naima,Target_Child,26.066666666666666,5.0376292041759,152.16829268292682
Naima,Target_Child,26.366666666666667,5.03349022434019,172.9055944055944
Naima,Target_Child,26.566666666666666,4.853781990739596,133.2006172839506
Naima,Target_Child,27.2,5.065791776633204,279.3218884120172
Naima,Target_Child,27.533333333333335,5.301095539631056,173.06153846153848
Naima,Target_Child,27.8,4.982020612090315,182.78
Naima,Target_Child,28.366666666666667,4.994667800504955,206.625
Naima,Target_Child,28.533333333333335,4.974199191514055,186.71361502347418
Naima,Target_Child,28.8,4.870983549067135,141.5827922077922
Naima,Target_Child,28.9,4.853468570220544,167.09540636042402
Naima,Target_Child,29.233333333333334,4.632827002107711,210.3
Naima,Target_Child,29.466666666666665,4.771496458767043,156.05072463768116
Naima,Target_Child,29.5,4.910712690293334,183.65900383141764
Naima,Target_Child,29.566666666666666,4.998492903598153,144.04022988505747
Naima,Target_Child,29.6,5.164424359333237,145.34309623430963
Naima,Target_Child,29.633333333333333,5.169425154704644,154.2188498402556
Naima,Target_Child,29.9,5.272816622542604,261.5684210526316
Naima,Target_Child,30.366666666666667,4.914365350603592,183.9974358974359
Naima,Target_Child,30.833333333333332,4.7488682650713825,206.3132075471698
Naima,Target_Child,31.1,5.357004593437412,240.13744075829385
Naima,Target_Child,31.433333333333334,4.418156052741688,207.69230769230768
Naima,Target_Child,31.666666666666668,4.94597150108223,172.289156626506
Naima,Target_Child,31.9,5.00509680826827,191.2076923076923
Naima,Target_Child,32.36666666666667,5.389490721530248,189.7431906614786
Naima,Target_Child,32.63333333333333,4.649653582700651,154.3388888888889
Naima,Target_Child,33.56666666666667,4.743563147073547,192.58690176322418
Naima,Target_Child,33.766666666666666,4.787810301607108,182.7164383561644
Naima,Target_Child,34.03333333333333,4.7663266737281385,132.9151670951157
Naima,Target_Child,34.266666666666666,5.1387828860186175,322.4957264957265
Naima,Target_Child,34.6,4.692703028189785,217.4741641337386
Naima,Target_Child,34.9,5.30164699615113,270.1812297734628
Naima,Target_Child,35.46666666666667,4.620377094494978,271.15406976744185
Naima,Target_Child,35.766666666666666,4.766120050769966,208.08333333333334
Naima,Target_Child,36.0,4.599191787625805,258.9578313253012
Naima,Target_Child,37.03333333333333,4.96195121981691,135.68324607329842
Naima,Target_Child,38.63333333333333,4.706636229479575,210.87463556851313
Naima,Target_Child,39.833333333333336,5.072372346694921,141.77322404371586
Naima,Target_Child,42.766666666666666,4.469624816624026,163.48082595870207
Naima,Target_Child,46.333333333333336,4.670341170852844,135.06632653061226
Violet,Mother,14.0,4.118107138595845,263.92283950617286
Violet,Mother,14.466666666666667,4.235115234044725,278.1171662125341
Violet,Mother,15.3,4.292676794803413,262.32781456953643
Violet,Mother,15.866666666666667,4.0857092980686645,242.72111553784862
Violet,Mother,16.233333333333334,4.2223710958251575,146.22402597402598
Violet,Mother,16.666666666666668,4.066501223150143,207.43564356435644
Violet,Mother,17.1,4.475102770128628,161.1448275862069
Violet,Mother,17.666666666666668,4.058626350082504,154.20373027259686
Violet,Mother,18.1,3.6970223836726683,193.11587982832617
Violet,Mother,18.6,4.406657479932308,263.4950495049505
Violet,Mother,19.133333333333333,4.230947439230911,139.5509138381201
Violet,Mother,19.733333333333334,4.499845870016335,234.1067415730337
Violet,Mother,20.166666666666668,4.706539234889401,213.2712643678161
Violet,Mother,20.733333333333334,4.0807930513948545,212.63333333333333
Violet,Mother,21.233333333333334,4.351873152327483,122.10810810810811
Violet,Mother,21.833333333333332,4.599553302638275,126.06318681318682
Violet,Mother,22.4,4.064876348592973,178.76455696202532
Violet,Mother,22.9,3.7817407692306086,149.30317848410758
Violet,Mother,23.5,3.9880239453619564,148.4774193548387
Violet,Mother,23.933333333333334,4.057103608518037,140.60642570281124
Violet,Mother,24.433333333333334,4.073111835896742,150.0
Violet,Mother,24.9,3.9275452788362246,152.45544554455446
Violet,Mother,25.333333333333332,4.074475732986399,132.0511111111111
Violet,Mother,25.633333333333333,4.231144293404673,143.32110091743118
Violet,Mother,26.366666666666667,4.222930966336255,130.64661654135338
Violet,Mother,27.166666666666668,3.666137013841437,137.44594594594594
Violet,Mother,27.4,3.990609974571151,126.49068322981367
Violet,Mother,27.633333333333333,3.7968692014776084,147.52685421994886
Violet,Mother,29.033333333333335,3.677908101792807,125.2190332326284
Violet,Mother,29.5,4.001872165199106,114.32720588235294
Violet,Mother,29.9,4.135790953472801,161.63949843260187
Violet,Mother,30.533333333333335,4.192714852509168,214.76777251184834
Violet,Mother,30.9,4.064414079591607,192.23673469387754
Violet,Mother,31.233333333333334,4.256385504334497,136.36989795918367
Violet,Mother,31.8,3.90638832033145,143.39153439153438
Violet,Mother,32.233333333333334,3.747481255159484,150.42992424242425
Violet,Mother,32.63333333333333,4.2583720864036545,149.23267326732673
Violet,Mother,33.266666666666666,3.9191248169021735,133.74462365591398
Violet,Mother,34.06666666666667,4.302229315077627,162.49049429657794
Violet,Mother,34.53333333333333,3.9115299555080183,127.1171875
Violet,Mother,34.93333333333333,3.788039252879574,141.43589743589743
Violet,Mother,35.86666666666667,4.131718145666718,112.11618257261411
Violet,Mother,37.63333333333333,4.15084801829961,130.8526912181303
Violet,Mother,40.0,3.6678412518936994,177.9477806788512
Violet,Mother,40.8,3.6107294594758774,161.24258289703315
Violet,Mother,42.0,3.5838960400039883,135.3432055749129
Violet,Mother,42.7,3.4327471855639398,142.09121621621622
Violet,Mother,43.733333333333334,3.9393004339942737,169.35111111111112
Violet,Mother,44.766666666666666,4.285444165282476,198.94430379746836
Violet,Mother,46.6,4.051334558915663,156.81024096385542
Violet,Mother,47.8,3.6736868489190178,173.6936936936937
Violet,Target_Child,14.0,4.7700585440472425,243.16666666666666
Violet,Target_Child,14.466666666666667,4.874992420490665,350.1860465116279
Violet,Target_Child,15.3,4.721030924734976,232.8125
Violet,Target_Child,15.866666666666667,4.563590068897975,159.98387096774192
Violet,Target_Child,16.233333333333334,4.83770388377841,117.8875
Violet,Target_Child,16.666666666666668,4.866319534140462,250.3310810810811
Violet,Target_Child,17.1,5.09846480497238,120.63398692810458
Violet,Target_Child,17.666666666666668,5.008915435311888,81.63981042654028
Violet,Target_Child,18.1,4.561098577256407,165.61111111111111
Violet,Target_Child,18.6,4.817136098420008,161.3
Violet,Target_Child,19.133333333333333,4.910678615922844,127.29642857142858
Violet,Target_Child,19.733333333333334,4.747117501108027,174.8235294117647
Violet,Target_Child,20.166666666666668,4.73023156958463,132.6421568627451
Violet,Target_Child,20.733333333333334,4.742985876663855,142.71140939597316
Violet,Target_Child,21.233333333333334,4.84751735229038,129.4685534591195
Violet,Target_Child,21.833333333333332,5.805210590684008,118.1680216802168
Violet,Target_Child,22.4,4.814142260316509,130.24468085106383
Violet,Target_Child,22.9,4.218180268191747,142.81203007518798
Violet,Target_Child,23.5,4.815629664125349,124.21400778210116
Violet,Target_Child,23.933333333333334,4.554290401827061,162.8843537414966
Violet,Target_Child,24.433333333333334,4.562503286814333,169.68382352941177
Violet,Target_Child,24.9,4.834269079274278,124.54042553191489
Violet,Target_Child,25.333333333333332,4.626627183265333,137.93611793611794
Violet,Target_Child,25.633333333333333,4.740884203118275,135.40416666666667
Violet,Target_Child,26.366666666666667,4.846568285231676,129.68825910931173
Violet,Target_Child,27.166666666666668,4.580090505902169,132.26020408163265
Violet,Target_Child,27.4,4.630557777746531,165.46511627906978
Violet,Target_Child,27.633333333333333,4.3966359004594455,180.07619047619048
Violet,Target_Child,29.033333333333335,4.540345823170728,134.70058139534885
Violet,Target_Child,29.5,4.726931228544916,126.76699029126213
Violet,Target_Child,29.9,4.623049141877523,210.87713310580205
Violet,Target_Child,30.533333333333335,4.472174997314799,227.404
Violet,Target_Child,30.9,4.712192453746789,221.95705521472394
Violet,Target_Child,31.233333333333334,4.552063119649158,193.93434343434345
Violet,Target_Child,31.8,4.692007141813414,153.58100558659217
Violet,Target_Child,32.233333333333334,4.861222661188683,142.84942084942085
Violet,Target_Child,32.63333333333333,5.196474591380106,161.61946902654867
Violet,Target_Child,33.266666666666666,4.302029300014996,156.60824742268042
Violet,Target_Child,34.06666666666667,4.503684124988854,162.69108280254778
Violet,Target_Child,34.53333333333333,4.355676361367485,191.58095238095237
Violet,Target_Child,34.93333333333333,4.3609608033175835,179.50335570469798
Violet,Target_Child,35.86666666666667,4.846440152339326,143.6451612903226
Violet,Target_Child,37.63333333333333,5.162889403188544,196.99071207430342
Violet,Target_Child,40.0,4.827015026801415,220.96442687747034
Violet,Target_Child,40.8,4.651876995592484,142.19811320754718
Violet,Target_Child,42.0,4.703842456949589,174.92857142857142
Violet,Target_Child,42.7,4.529704829916842,132.5909090909091
Violet,Target_Child,43.733333333333334,5.344350637789566,173.84037558685446
Violet,Target_Child,44.766666666666666,5.043116928298132,217.89361702127658
Violet,Target_Child,46.6,4.683893344644422,157.9777777777778
Violet,Target_Child,47.8,5.128169559793172,235.74157303370785
William,Mother,16.4,4.237030445206906,182.83243243243243
William,Mother,16.9,4.23809771920844,193.94615384615383
William,Mother,18.166666666666668,4.03669804106193,162.8869309838473
William,Mother,18.633333333333333,4.1051378804788285,174.43338213762812
William,Mother,19.6,4.145612159243652,216.38888888888889
William,Mother,20.066666666666666,4.600089213853517,121.23116883116883
William,Mother,20.466666666666665,4.291362243345165,177.77820512820512
William,Mother,20.966666666666665,4.062517190063397,139.67953667953668
William,Mother,21.4,4.649918671023072,141.61845730027548
William,Mother,21.9,4.606357209981449,133.4617067833698
William,Mother,22.4,4.536028077201667,127.7809667673716
William,Mother,23.0,4.682183116503619,251.7823275862069
William,Mother,23.5,4.311920331854092,166.41780821917808
William,Mother,24.4,4.680857208637174,215.78604651162792
William,Mother,24.933333333333334,4.428330204440856,162.60454545454544
William,Mother,25.3,4.399961901550297,174.30285714285714
William,Mother,25.9,4.24071892404745,155.70973782771534
William,Mother,26.3,4.160587991521412,168.35205992509364
William,Mother,26.7,4.696917080885499,89.47303921568627
William,Mother,27.233333333333334,5.583312412015775,100.81233933161954
William,Mother,27.633333333333333,4.773402191158262,106.06015037593986
William,Mother,28.1,4.552217086782189,95.80140186915888
William,Mother,28.533333333333335,4.514645657434376,106.625
William,Mother,29.0,5.2601213552013615,97.15384615384616
William,Mother,29.533333333333335,3.87457726135139,107.91722972972973
William,Mother,29.966666666666665,4.5309083417845795,176.13238289205702
William,Mother,30.4,4.4403368658176054,173.02857142857144
William,Mother,30.866666666666667,4.972761588376867,172.78227848101267
William,Mother,31.266666666666666,4.462229308530277,148.4048257372654
William,Mother,31.866666666666667,4.362856344857776,161.45757575757577
William,Mother,32.266666666666666,4.222217841464555,187.50675675675674
William,Mother,32.733333333333334,5.167102887656001,133.51282051282053
William,Mother,33.166666666666664,4.418204667434414,144.50414593698176
William,Mother,35.0,4.645272353270035,192.28025477707007
William,Mother,36.36666666666667,4.3510683200901745,151.33045977011494
William,Mother,36.93333333333333,4.331304509084526,145.75
William,Mother,37.5,4.824644170165686,101.17633928571429
William,Mother,37.833333333333336,4.7224824868104935,142.80357142857142
William,Mother,38.7,4.870150491458597,212.22105263157894
William,Mother,39.166666666666664,5.004756252034914,115.32558139534883
William,Mother,39.833333333333336,4.512093969450946,83.19402985074628
William,Mother,40.6,4.703558360226842,118.00262467191601
William,Target_Child,16.4,4.8618026669798375,145.48360655737704
William,Target_Child,16.9,4.5518073677740665,149.71428571428572
William,Target_Child,18.166666666666668,4.374158948977546,141.41545893719805
William,Target_Child,18.633333333333333,4.605404817907558,154.97701149425288
William,Target_Child,19.266666666666666,4.753504678775477,114.27366255144032
William,Target_Child,19.6,4.562826006970493,185.91735537190084
William,Target_Child,20.066666666666666,4.740444054906857,109.0909090909091
William,Target_Child,20.466666666666665,4.840439883197863,114.1576923076923
William,Target_Child,20.966666666666665,4.611263003981764,102.85314685314685
William,Target_Child,21.4,4.730734975566255,128.10714285714286
William,Target_Child,21.9,4.966544210862763,118.42105263157895
William,Target_Child,22.4,4.840874916029246,142.91434262948206
William,Target_Child,23.0,4.823328531744272,138.59715639810426
William,Target_Child,23.5,4.593957209757434,129.3111888111888
William,Target_Child,24.4,4.8046896475716165,187.58536585365854
William,Target_Child,24.933333333333334,4.554691187708422,131.71666666666667
William,Target_Child,25.3,4.670183217523896,131.57894736842104
William,Target_Child,25.9,4.5931559114034695,152.4493670886076
William,Target_Child,26.3,4.822682812025897,151.09018567639257
William,Target_Child,26.7,5.1270523279615094,84.3625
William,Target_Child,27.233333333333334,5.625631786069837,113.83445945945945
William,Target_Child,27.633333333333333,4.952781553031713,103.77454545454546
William,Target_Child,28.1,5.074537578297985,85.49812734082397
William,Target_Child,28.533333333333335,4.88745181178749,94.27436823104694
William,Target_Child,29.0,5.329130860485886,69.90062111801242
William,Target_Child,29.533333333333335,4.725384405531592,84.64459930313589
William,Target_Child,29.966666666666665,5.173426940503911,187.47826086956522
William,Target_Child,30.4,5.177947416788037,151.72368421052633
William,Target_Child,30.866666666666667,4.897252346544314,169.7185430463576
William,Target_Child,31.266666666666666,5.309299353995097,157.84326018808778
William,Target_Child,31.866666666666667,5.1434726165908735,157.43734015345268
William,Target_Child,32.266666666666666,4.56491623290249,211.29961089494162
William,Target_Child,32.733333333333334,5.213938010513463,134.22299651567945
William,Target_Child,33.166666666666664,4.880622953164252,140.77008310249306
William,Target_Child,35.0,4.982566173086955,139.8409090909091
William,Target_Child,35.46666666666667,5.2578087142921355,131.325
William,Target_Child,36.36666666666667,4.785076318900452,205.3175
William,Target_Child,36.93333333333333,4.633055316345348,173.42441860465115
William,Target_Child,37.5,5.139902702890992,118.38474295190713
William,Target_Child,37.833333333333336,5.150851997435976,157.43992248062017
William,Target_Child,38.7,4.941016528934796,164.5732946298984
William,Target_Child,39.166666666666664,5.054283583299494,173.14831460674156
William,Target_Child,39.833333333333336,4.751716515217843,136.47882736156353
William,Target_Child,40.6,5.1092223140694895,117.44296577946768
