family,speaker,age,perplexity,entropy
Alex,Mother,16.9,2273.791792610095,3.1098781830136715
Alex,Mother,17.4,35.03714147316118,2.9026269814622947
Alex,Mother,17.866666666666667,1897.4516215490416,3.058006752897364
Alex,Mother,18.466666666666665,1122.9483356099995,2.871242468841387
Alex,Mother,19.233333333333334,24.558905445080597,2.7417547862782277
Alex,Mother,19.866666666666667,867.1261240343531,2.9607451706325225
Alex,Mother,20.366666666666667,947.5107011508699,3.183680097966674
Alex,Mother,20.833333333333332,3018.1744247241004,3.147195495054987
Alex,Mother,21.266666666666666,4462.3705653132265,3.2003594973149947
Alex,Mother,21.733333333333334,5376.6402918039485,3.1912892597306777
Alex,Mother,22.2,6264.74160799895,3.37349945752765
Alex,Mother,22.8,7844.349895703766,3.4276111263449693
Alex,Mother,23.1,2542.5141484674605,3.0241810748866573
Alex,Mother,23.566666666666666,2949.446312033132,3.1634281809406293
Alex,Mother,23.9,5900.314490728882,3.149614895008451
Alex,Mother,24.4,1814.9718286182713,2.937820759058884
Alex,Mother,25.066666666666666,593.5210170288854,2.7745529444688533
Alex,Mother,25.566666666666666,23.257521442976547,2.676205814071314
Alex,Mother,26.0,195.7016251124673,2.7094734823240487
Alex,Mother,26.566666666666666,34.62748250451683,2.893095566117904
Alex,Mother,27.0,336.9892966428672,2.8420895039875744
Alex,Mother,27.466666666666665,510.68243574981113,2.8236760225907207
Alex,Mother,27.866666666666667,1285.4171563268064,2.925633328997164
Alex,Mother,28.366666666666667,561.7949289673875,2.9273457726245806
Alex,Mother,28.833333333333332,37.800483732233744,2.6923509020111753
Alex,Mother,29.3,1121.8279306720776,2.8006066785047716
Alex,Mother,29.766666666666666,1430.5406052952244,2.911005306778527
Alex,Mother,30.2,3232.050715457077,2.96717030142138
Alex,Mother,30.666666666666668,531.0682757531913,2.8643504795707413
Alex,Mother,31.166666666666668,745.5641032888803,2.7803747208513143
Alex,Mother,31.8,2672.494068914323,3.0732643188418374
Alex,Mother,32.333333333333336,1902.046090271194,2.8695635604761995
Alex,Mother,32.53333333333333,2109.811482055924,2.8070494866441225
Alex,Mother,32.93333333333333,1735.3087418553887,2.9390673224018546
Alex,Mother,33.43333333333333,1018.4621803740682,2.816141364407174
Alex,Mother,33.86666666666667,5248.259289998254,3.218791446968044
Alex,Mother,34.36666666666667,1254.4824477604734,2.71633981620569
Alex,Mother,34.833333333333336,3150.5280863884173,3.044498744214094
Alex,Mother,35.266666666666666,1977.667483908463,2.7149235450459277
Alex,Mother,35.733333333333334,9851.264394586213,3.3945410645108947
Alex,Mother,36.2,3175.6119701940775,3.0878323207018075
Alex,Mother,37.1,3363.5484693279777,3.0710565935506495
Alex,Mother,37.63333333333333,3750.829293295731,2.8709535234608374
Alex,Mother,38.0,2893.231520416703,2.8843572732213114
Alex,Mother,38.46666666666667,7035.010232826357,3.2623238223631454
Alex,Mother,39.03333333333333,9939.514009160961,3.219822105555437
Alex,Mother,39.43333333333333,591.5417532372437,2.826514223895982
Alex,Mother,39.9,541.3326262554962,2.859898546607957
Alex,Mother,40.333333333333336,6788.5267945826,3.322083694179095
Alex,Mother,40.8,838.3830538678138,3.016677617327862
Alex,Mother,41.53333333333333,3246.1939773389736,2.9159530814719026
Alex,Target_Child,16.9,299.0976035858621,5.22133347563124
Alex,Target_Child,17.4,1922.8492453648396,4.7839895852181735
Alex,Target_Child,17.866666666666667,923.3430732358962,4.786797654321782
Alex,Target_Child,18.466666666666665,179.38715186856916,4.799225197370379
Alex,Target_Child,19.233333333333334,1255.7221941295672,4.83057598208514
Alex,Target_Child,19.866666666666667,18234.32826832403,5.3184206508180605
Alex,Target_Child,20.366666666666667,1786.6475601748614,4.426515269367843
Alex,Target_Child,20.833333333333332,18879.58645002829,5.468636020325835
Alex,Target_Child,21.266666666666666,13716.147420578169,4.991881241103555
Alex,Target_Child,21.733333333333334,7070.914214674776,4.40860834540056
Alex,Target_Child,22.2,10849.491233307,4.584229366753666
Alex,Target_Child,22.8,4031.2191517544557,4.204392924154533
Alex,Target_Child,23.1,23663.2982452319,5.29326907454284
Alex,Target_Child,23.566666666666666,15087.086071151323,4.250992467235883
Alex,Target_Child,23.9,15987.889757623538,5.0116219818063215
Alex,Target_Child,24.4,11255.34275195779,4.931347386875129
Alex,Target_Child,25.066666666666666,2080.1363640662694,4.013678589943477
Alex,Target_Child,25.566666666666666,3676.180499343003,3.809821834382772
Alex,Target_Child,26.0,5986.910199740592,4.258800372303396
Alex,Target_Child,26.566666666666666,1923.5481370117818,3.8709263751416554
Alex,Target_Child,27.0,6385.290733525824,4.008347268874282
Alex,Target_Child,27.466666666666665,5896.36459743162,4.0975138447425214
Alex,Target_Child,27.866666666666667,2135.6504562952186,3.227313236356372
Alex,Target_Child,28.366666666666667,5765.885421077086,3.9373908905821744
Alex,Target_Child,28.833333333333332,1538.4766658371923,3.3866506656667537
Alex,Target_Child,29.3,8962.423356748372,4.035432313979652
Alex,Target_Child,29.766666666666666,10592.344319755335,4.224713215569483
Alex,Target_Child,30.2,7163.599213879373,3.8608618929433836
Alex,Target_Child,30.666666666666668,17470.809568255783,4.4825304951573015
Alex,Target_Child,31.166666666666668,24493.449719221633,5.261977665197197
Alex,Target_Child,31.8,41999.0794601837,6.550259292036938
Alex,Target_Child,32.333333333333336,18680.975107584716,4.3755839376572645
Alex,Target_Child,32.53333333333333,21099.217605014757,4.688504518783023
Alex,Target_Child,32.93333333333333,26679.221759235443,5.071361268718544
Alex,Target_Child,33.43333333333333,26313.467292003264,5.163862603239543
Alex,Target_Child,33.86666666666667,8308.270641604591,3.9742589313303047
Alex,Target_Child,34.36666666666667,12011.358402534293,4.100405939656218
Alex,Target_Child,34.833333333333336,12496.607956523789,3.9188048461104596
Alex,Target_Child,35.266666666666666,12876.111083748068,4.24267016216804
Alex,Target_Child,35.733333333333334,28325.494558703802,5.231923237340122
Alex,Target_Child,36.2,14727.591956063949,4.258665567886567
Alex,Target_Child,37.1,18339.45982275454,4.458209870511779
Alex,Target_Child,37.63333333333333,16082.104048079273,4.262715620552212
Alex,Target_Child,38.0,14445.93800157979,4.193527334570752
Alex,Target_Child,38.46666666666667,13833.221329569304,4.1588852892507475
Alex,Target_Child,39.03333333333333,40775.54788801604,6.014893846281969
Alex,Target_Child,39.43333333333333,13866.906215348248,4.165858752758506
Alex,Target_Child,39.9,15578.722090257057,4.539226369928384
Alex,Target_Child,40.333333333333336,22436.796581738992,4.966802862990418
Alex,Target_Child,40.8,10744.538150637341,3.980903387406739
Alex,Target_Child,41.53333333333333,25003.223691192128,4.914990854920019
Ethan,Mother,11.133333333333333,35.90681149034527,2.999392113158184
Ethan,Mother,11.7,33.698233800525735,2.948625942712683
Ethan,Mother,12.2,1943.5573692275598,3.2660672134821627
Ethan,Mother,12.7,1493.4271445955862,3.151422105685257
Ethan,Mother,13.166666666666666,213.3679967418951,3.0482009934038157
Ethan,Mother,13.566666666666666,6966.679909587812,3.5654142199126033
Ethan,Mother,14.033333333333333,3728.4422372308377,3.2053753058620194
Ethan,Mother,14.6,2246.3388069470416,3.0661274980889366
Ethan,Mother,14.933333333333334,6906.103806499618,3.396450635339647
Ethan,Mother,15.5,1217.2403437849018,2.837429789103291
Ethan,Mother,16.0,6777.9037009883,3.3854119404449947
Ethan,Mother,16.366666666666667,5969.531605185766,3.2286156323287347
Ethan,Mother,16.866666666666667,1355.1362057892272,2.7154234251816125
Ethan,Mother,17.566666666666666,2171.3093324660445,2.9557537465086257
Ethan,Mother,18.066666666666666,6427.894825349658,3.4387080127370893
Ethan,Mother,18.666666666666668,2646.038940455572,3.068248854670826
Ethan,Mother,19.0,5215.972302286732,3.1342052305687593
Ethan,Mother,19.466666666666665,1215.1654554326674,2.6656913973813383
Ethan,Mother,19.866666666666667,905.9997931556111,2.8891465436222803
Ethan,Mother,20.133333333333333,44.486771250472515,2.8746069797901654
Ethan,Mother,20.666666666666668,691.3025353038537,2.5935258427868266
Ethan,Mother,21.133333333333333,29.357338632150512,2.856605469294882
Ethan,Mother,21.6,22.59992201729177,2.7816454392223537
Ethan,Mother,21.866666666666667,1709.4258516669593,2.7143004840409577
Ethan,Mother,22.366666666666667,824.1081855446058,2.879460512420642
Ethan,Mother,22.766666666666666,2810.5072522167106,2.979136504728119
Ethan,Mother,23.333333333333332,35.149132848541186,2.778292859194732
Ethan,Mother,23.7,586.0320347153117,2.7448975982001724
Ethan,Mother,24.233333333333334,1979.7616004756603,2.8675184516362155
Ethan,Mother,24.833333333333332,276.77437716641975,2.7658871393726314
Ethan,Mother,25.733333333333334,3488.1823100049364,2.9146221923565214
Ethan,Mother,26.266666666666666,4243.160505386314,3.1049274892439693
Ethan,Mother,26.733333333333334,1161.3685898704077,2.684831095939412
Ethan,Mother,27.633333333333333,3384.0329999723817,3.0126657342749663
Ethan,Mother,28.066666666666666,6121.347299597687,3.166684350876844
Ethan,Mother,28.633333333333333,3333.947703470314,2.9764817414728646
Ethan,Mother,29.0,3173.342998634722,2.921614834013165
Ethan,Mother,29.5,2647.061744148906,2.9166882157015652
Ethan,Mother,29.866666666666667,1355.6947337204092,2.6087550606112506
Ethan,Mother,30.366666666666667,4187.469574823666,2.9858350804417793
Ethan,Mother,30.8,3673.6225963275438,2.883213986253889
Ethan,Mother,31.3,9802.837176388788,3.4651799440243716
Ethan,Mother,31.833333333333332,9636.46676259752,3.50133713007636
Ethan,Mother,32.333333333333336,12415.635136688878,3.877957036845349
Ethan,Mother,33.0,5614.159256423736,3.081254783278034
Ethan,Mother,33.233333333333334,7048.030510356095,3.454012648893229
Ethan,Mother,33.666666666666664,5588.133721116362,3.088997569035309
Ethan,Mother,34.166666666666664,8192.505257862229,3.5366789354336015
Ethan,Mother,34.6,5061.178659928365,3.1117357310227005
Ethan,Mother,35.03333333333333,4582.200120720804,3.122242320073596
Ethan,Target_Child,11.133333333333333,39413.51931486031,7.273593586703726
Ethan,Target_Child,11.7,102.3717673439317,4.134701030146178
Ethan,Target_Child,12.2,33206.08447688694,6.527036234516922
Ethan,Target_Child,12.7,9327.393873497473,4.588688856217477
Ethan,Target_Child,13.166666666666666,3277.6213953213432,4.191160130862916
Ethan,Target_Child,13.566666666666666,18721.982034087065,5.846263397500548
Ethan,Target_Child,14.033333333333333,7441.828116478448,4.74836953547976
Ethan,Target_Child,14.6,5922.403346279384,4.364579388351859
Ethan,Target_Child,14.933333333333334,10778.9871973821,4.512184559586279
Ethan,Target_Child,15.5,9633.360835102454,4.380870289881481
Ethan,Target_Child,16.0,9746.786489458023,4.324112438544282
Ethan,Target_Child,16.366666666666667,21903.838043215168,5.264947668880411
Ethan,Target_Child,16.866666666666667,13004.24265206443,4.6156247724657575
Ethan,Target_Child,17.566666666666666,6736.090678102645,4.183078975572785
Ethan,Target_Child,18.066666666666666,5911.869878605816,4.561762176959476
Ethan,Target_Child,18.666666666666668,5504.542088516358,3.9046767433607665
Ethan,Target_Child,19.0,17964.080496460934,4.701772994637351
Ethan,Target_Child,19.466666666666665,8308.121430940022,4.236701129634145
Ethan,Target_Child,19.866666666666667,57.386154289144734,3.6121230075940423
Ethan,Target_Child,20.133333333333333,61.917610692723464,3.7565004999662466
Ethan,Target_Child,20.666666666666668,2813.700060633094,4.022771217508012
Ethan,Target_Child,21.133333333333333,15252.774179000233,4.76861023131256
Ethan,Target_Child,21.6,7406.568787029209,4.092598856414113
Ethan,Target_Child,21.866666666666667,15882.704573071587,4.646667084277814
Ethan,Target_Child,22.366666666666667,10479.317038936553,4.104795828418646
Ethan,Target_Child,22.766666666666666,11205.057101891047,4.284909411918374
Ethan,Target_Child,23.333333333333332,4050.553603982411,3.632796285743105
Ethan,Target_Child,23.7,10831.374083981955,4.508315361822789
Ethan,Target_Child,24.233333333333334,4516.226638879727,4.104175867739734
Ethan,Target_Child,24.833333333333332,664.3726627309161,3.586148482687335
Ethan,Target_Child,25.733333333333334,26845.01092097986,5.050666900701231
Ethan,Target_Child,26.266666666666666,8422.435818100275,4.466050260190527
Ethan,Target_Child,26.733333333333334,27492.294884353825,5.210579542862154
Ethan,Target_Child,27.633333333333333,35692.06378027533,5.826001770322698
Ethan,Target_Child,28.066666666666666,26764.384301469843,5.072647758712338
Ethan,Target_Child,28.633333333333333,19187.350548803213,4.728970914753339
Ethan,Target_Child,29.0,16785.785777462675,4.501772940033542
Ethan,Target_Child,29.5,31625.27734327868,5.508259772402106
Ethan,Target_Child,29.866666666666667,1938.721436593037,3.1849561888384725
Ethan,Target_Child,30.366666666666667,15078.209107656687,4.603939001556193
Ethan,Target_Child,30.8,14059.37669290733,4.143973531665674
Ethan,Target_Child,31.3,17507.799833068046,4.665114811725885
Ethan,Target_Child,31.833333333333332,11030.956961022966,3.953825463197002
Ethan,Target_Child,32.333333333333336,10066.008728782146,4.267129461251104
Ethan,Target_Child,33.0,4236.565309001933,3.3334737965226244
Ethan,Target_Child,33.233333333333334,8379.304892636292,4.2350742005576425
Ethan,Target_Child,33.666666666666664,4784.384000422143,3.7833356815677837
Ethan,Target_Child,34.166666666666664,8513.822703346717,4.319915500472462
Ethan,Target_Child,34.6,7773.112461956119,3.9524356196382633
Ethan,Target_Child,35.03333333333333,9692.165882671474,4.188427844336606
Lily,Mother,13.066666666666666,1716.2273403721008,3.1720403562504793
Lily,Mother,13.566666666666666,2319.0108431648578,3.265248937430039
Lily,Mother,14.066666666666666,429.8415988654972,3.2513202122628644
Lily,Mother,14.433333333333334,415.55517049693646,2.9737197301787797
Lily,Mother,14.933333333333334,824.2351746206541,3.174172735823025
Lily,Mother,15.433333333333334,689.5489204467052,3.1173514005027134
Lily,Mother,15.766666666666667,1022.6587515562649,3.059756276874107
Lily,Mother,15.866666666666667,1004.8620302026103,3.159486764627502
Lily,Mother,16.766666666666666,1279.2475750938206,3.208163463726454
Lily,Mother,17.266666666666666,1339.613559245303,3.254092541836389
Lily,Mother,17.7,665.0565210598915,3.2175395229802866
Lily,Mother,18.366666666666667,2065.101903540009,3.3456084602273366
Lily,Mother,18.6,1026.0187762851715,3.0696336281648655
Lily,Mother,19.033333333333335,148.40454435706798,2.843400347585281
Lily,Mother,19.633333333333333,1335.5897927970411,2.847160626219006
Lily,Mother,20.1,9487.51270932531,3.662490022452723
Lily,Mother,20.466666666666665,1980.0644988298784,2.950583600460101
Lily,Mother,20.9,1215.558958628735,2.865066211253076
Lily,Mother,21.4,3508.728417295057,2.9110628649795918
Lily,Mother,21.833333333333332,4539.5435977215775,3.052371366309916
Lily,Mother,22.3,2116.2615027728307,2.8578323288556366
Lily,Mother,22.733333333333334,2115.172436042066,2.7322542195664017
Lily,Mother,23.233333333333334,691.7163402005963,2.82619059449725
Lily,Mother,23.866666666666667,748.8957639464365,3.029535090798373
Lily,Mother,24.133333333333333,502.81448857409094,2.561082051131319
Lily,Mother,24.366666666666667,2827.0782356051673,2.9027491733091804
Lily,Mother,24.766666666666666,293.39975163119544,2.6451064869592744
Lily,Mother,25.033333333333335,33.89161101812354,2.785558681044811
Lily,Mother,25.266666666666666,556.6439106918775,2.7687788467837917
Lily,Mother,25.5,28.71253106359239,2.6455464965276483
Lily,Mother,25.766666666666666,912.978119789793,2.91492084558739
Lily,Mother,26.033333333333335,224.18904721682375,2.6549844080162135
Lily,Mother,26.5,522.6097325342438,2.729401750487912
Lily,Mother,26.9,1010.4064157406077,2.7165484494311847
Lily,Mother,27.166666666666668,1525.1190058111254,2.8965216538938563
Lily,Mother,27.566666666666666,1977.9270676567553,2.8596772074122243
Lily,Mother,28.066666666666666,235.79964577172805,2.629037655964859
Lily,Mother,28.3,428.3475776490711,2.5787723351840035
Lily,Mother,28.533333333333335,2975.31433576747,2.8287207406334636
Lily,Mother,28.933333333333334,4695.346000652642,3.10840469803158
Lily,Mother,29.2,7261.723838992505,3.322727237846115
Lily,Mother,29.6,3342.484453118223,2.7587872690106625
Lily,Mother,29.866666666666667,207.5221739757613,2.652640415462092
Lily,Mother,30.133333333333333,2583.3095227477606,2.712827386852748
Lily,Mother,30.4,7282.2507753650225,3.4409343878407226
Lily,Mother,30.6,7015.629312670456,3.2961715773383062
Lily,Mother,30.766666666666666,1649.8236920290087,2.6172165080471403
Lily,Mother,31.0,8513.409490128153,3.4432625806494346
Lily,Mother,31.033333333333335,1982.5966794415199,2.7046891436752705
Lily,Mother,31.533333333333335,4494.811962174927,3.1248939538160827
Lily,Mother,31.7,6534.311961929964,3.085398851024706
Lily,Mother,31.933333333333334,2133.150599109836,2.7083633317205202
Lily,Mother,32.2,4016.1800457974086,3.1564047805436237
Lily,Mother,32.43333333333333,4994.061599871319,3.1631383954505226
Lily,Mother,32.63333333333333,751.2536363862022,2.6695175098642285
Lily,Mother,33.13333333333333,2232.2513703551767,2.9098362636068913
Lily,Mother,33.3,4404.091284922799,2.9959651621194805
Lily,Mother,33.6,9543.710512974301,3.1274972774852774
Lily,Mother,33.766666666666666,1730.128874223674,2.707387022669994
Lily,Mother,34.266666666666666,2950.8718773087953,2.9276069143057497
Lily,Mother,34.833333333333336,1433.5461165082581,2.8874785613637473
Lily,Mother,34.93333333333333,3571.9900562271155,3.084181052808603
Lily,Mother,35.2,1747.9245032868955,2.954111440350151
Lily,Mother,35.833333333333336,2185.2489237091872,3.0795534006429954
Lily,Mother,36.1,1812.3914767290678,2.9224887500169863
Lily,Mother,36.333333333333336,3145.7784676764313,3.2381655937570666
Lily,Mother,36.833333333333336,1132.9779984613263,3.0969788481968807
Lily,Mother,37.0,3040.7520518887904,3.0669602740270063
Lily,Mother,37.7,2479.851754471816,3.1013672568773183
Lily,Mother,38.6,2837.7834024721897,3.1094565771198917
Lily,Mother,39.766666666666666,2797.5486997391326,3.0638519210941464
Lily,Mother,40.666666666666664,5414.026307501229,3.337441705231474
Lily,Mother,41.93333333333333,1619.8205357462455,3.13647419957098
Lily,Mother,43.833333333333336,1023.0288042019295,2.739944119861303
Lily,Mother,44.766666666666666,4448.381882960082,3.2828547912364283
Lily,Mother,45.9,2838.8628295736503,2.877993315453319
Lily,Mother,46.833333333333336,5550.4880606620945,3.1251795662279753
Lily,Mother,48.06666666666667,2423.8600457650014,2.779697395341234
Lily,Target_Child,13.066666666666666,4410.615564326154,5.464097092658116
Lily,Target_Child,13.566666666666666,6232.4075739516475,5.315041090110251
Lily,Target_Child,14.066666666666666,2009.8191887866192,5.283962042142879
Lily,Target_Child,14.433333333333334,3110.270704718821,5.36821985926803
Lily,Target_Child,14.933333333333334,586.4382122912684,5.327158903188526
Lily,Target_Child,15.433333333333334,1635.5277562249012,5.307761075424005
Lily,Target_Child,15.766666666666667,1952.242590356746,5.227255930290331
Lily,Target_Child,15.866666666666667,1028.8688109218544,5.614805047178522
Lily,Target_Child,16.766666666666666,707.2548378334408,5.19554798764811
Lily,Target_Child,17.266666666666666,231.85732205347094,5.040319210548479
Lily,Target_Child,17.7,2132.045834682521,5.313580997830877
Lily,Target_Child,18.366666666666667,2589.7116646539494,5.5425236858849765
Lily,Target_Child,18.6,219.65240575892855,4.9097723265296125
Lily,Target_Child,19.033333333333335,1107.6739647944135,4.989366720396986
Lily,Target_Child,19.633333333333333,33145.14107791436,6.11263125438343
Lily,Target_Child,20.1,36994.74303715382,6.394549782265667
Lily,Target_Child,20.466666666666665,8262.6875318017,4.3845739486323785
Lily,Target_Child,20.9,7162.334938245202,4.148309559180276
Lily,Target_Child,21.4,15339.867476419358,4.7592049123336855
Lily,Target_Child,21.833333333333332,22508.265034934924,5.186658019041488
Lily,Target_Child,22.3,13913.821668679193,4.6025480385588144
Lily,Target_Child,22.733333333333334,15020.79386854596,4.581191586015099
Lily,Target_Child,23.233333333333334,626.0137996183789,3.6788076054663863
Lily,Target_Child,23.866666666666667,1402.866208432046,3.773034415915458
Lily,Target_Child,24.133333333333333,13380.788932485497,4.42125541204565
Lily,Target_Child,24.366666666666667,16877.301040769118,4.706413954562535
Lily,Target_Child,24.766666666666666,67.20880302973097,3.5503879613369334
Lily,Target_Child,25.033333333333335,1187.2277292267934,3.779998849402896
Lily,Target_Child,25.266666666666666,4599.247045454636,3.7678148694423967
Lily,Target_Child,25.5,364.9318497743173,3.702503149782246
Lily,Target_Child,25.766666666666666,1720.430805278362,3.760903104180866
Lily,Target_Child,26.033333333333335,363.3020288025266,3.5772408537736875
Lily,Target_Child,26.5,1880.9722491043387,3.5261768591990053
Lily,Target_Child,26.9,470.4532910355236,3.202038463299063
Lily,Target_Child,27.166666666666668,2980.277830129621,3.4787364161815826
Lily,Target_Child,27.566666666666666,2438.527655146735,3.4160277485695536
Lily,Target_Child,28.066666666666666,439.03657069276295,3.0521615425398996
Lily,Target_Child,28.3,850.3083522805277,3.131934412620677
Lily,Target_Child,28.533333333333335,5031.128134591944,3.416399397736088
Lily,Target_Child,28.933333333333334,14065.487737266682,4.368222871389522
Lily,Target_Child,29.2,17992.713558695337,4.4325059003934975
Lily,Target_Child,29.6,9696.92419389303,3.883311894504059
Lily,Target_Child,29.866666666666667,4528.401314802858,3.631118341060266
Lily,Target_Child,30.133333333333333,9400.395692063248,4.048058698227822
Lily,Target_Child,30.4,12921.272691458098,4.278298674419676
Lily,Target_Child,30.6,19059.729127845396,4.931618193498072
Lily,Target_Child,30.766666666666666,6852.278571729442,3.282442291017582
Lily,Target_Child,31.0,15498.065298621617,3.933921015230247
Lily,Target_Child,31.033333333333335,8936.692436386766,3.854429829533836
Lily,Target_Child,31.533333333333335,6599.5354277810375,3.390171278533797
Lily,Target_Child,31.7,30044.86904584836,5.536746586756272
Lily,Target_Child,31.933333333333334,9259.688983382974,3.69659149806086
Lily,Target_Child,32.2,12561.370135098085,4.065811458919986
Lily,Target_Child,32.43333333333333,6051.345291121403,3.5896389489423353
Lily,Target_Child,32.63333333333333,11762.443965739385,3.9424894611949406
Lily,Target_Child,33.13333333333333,9720.922319110115,3.970502875851709
Lily,Target_Child,33.3,10526.255332327872,3.717077602072415
Lily,Target_Child,33.6,35841.05604199484,5.68848783287839
Lily,Target_Child,33.766666666666666,12413.322437797475,3.9711000208208334
Lily,Target_Child,34.266666666666666,3045.188308134966,3.2079291268153844
Lily,Target_Child,34.833333333333336,5129.817649899783,3.97208200105769
Lily,Target_Child,34.93333333333333,5003.186322877896,3.6784012414686393
Lily,Target_Child,35.2,8336.48447157974,4.003317680525561
Lily,Target_Child,35.833333333333336,1139.2903560403288,3.406048532521355
Lily,Target_Child,36.1,3321.8839678623453,3.6520232719151258
Lily,Target_Child,36.333333333333336,2056.3176232218943,3.530366203596353
Lily,Target_Child,36.833333333333336,4970.997302001167,3.748139910324216
Lily,Target_Child,37.0,3732.465948183004,3.465112250217102
Lily,Target_Child,37.7,4943.442433352726,3.500216777340149
Lily,Target_Child,38.6,7049.678497137928,3.8591677752053295
Lily,Target_Child,39.766666666666666,4820.988556442959,3.649643116637465
Lily,Target_Child,40.666666666666664,12723.949102335953,4.0153498017449945
Lily,Target_Child,41.93333333333333,3987.404821620838,3.4752864703643493
Lily,Target_Child,43.833333333333336,9634.778657862982,3.830059512551038
Lily,Target_Child,44.766666666666666,12662.879425533798,3.932316098565405
Lily,Target_Child,45.9,15584.107214954141,4.285710906575321
Lily,Target_Child,46.833333333333336,12679.82515506536,3.903162174813295
Lily,Target_Child,48.06666666666667,14060.316559738452,4.469543031702363
Naima,Mother,11.866666666666667,1676.763430898352,3.0040623258021166
Naima,Mother,12.466666666666667,1232.8043067291846,3.050436423144679
Naima,Mother,12.866666666666667,501.82472921540483,2.8778819688903017
Naima,Mother,13.366666666666667,1485.2988345299088,2.9102322217355376
Naima,Mother,13.8,3687.145554757093,3.014701583461677
Naima,Mother,14.233333333333333,393.26163786871314,2.878935384321464
Naima,Mother,14.7,293.2064675155203,2.6940638550433516
Naima,Mother,15.233333333333333,3049.7695453161436,3.049405701040055
Naima,Mother,15.4,496.28489775375874,2.7893825308705384
Naima,Mother,15.833333333333334,429.2988438941091,2.7286774521902553
Naima,Mother,16.1,275.7126941042635,2.615507298258254
Naima,Mother,16.333333333333332,1327.8153128477077,2.724483908994638
Naima,Mother,16.533333333333335,1648.7388165556847,2.945086914217607
Naima,Mother,16.766666666666666,581.0639404215126,2.7752300309585296
Naima,Mother,17.066666666666666,1139.751989677813,2.777982709479787
Naima,Mother,17.366666666666667,24.54284738936518,2.799380948711491
Naima,Mother,17.8,308.2512191780347,2.6957574747405295
Naima,Mother,18.133333333333333,695.7189879469908,2.6669994018458496
Naima,Mother,18.3,2071.904627788369,2.908736280847709
Naima,Mother,18.666666666666668,754.4605106241509,2.868129490706705
Naima,Mother,19.0,698.0146530204748,2.663600316799945
Naima,Mother,19.333333333333332,1618.8616934071397,2.7746781089853436
Naima,Mother,19.566666666666666,631.9827310449792,2.761681655461594
Naima,Mother,19.766666666666666,1682.7218472377604,2.898396288041116
Naima,Mother,20.033333333333335,1435.6383951543091,2.722042231481848
Naima,Mother,20.266666666666666,705.4037662839988,2.838243508728852
Naima,Mother,20.6,404.92339177922855,2.6048163021022757
Naima,Mother,20.7,1171.1482758252782,2.8009162698241723
Naima,Mother,21.266666666666666,2089.3534954014917,2.838062168492221
Naima,Mother,21.333333333333332,2470.893051350113,2.7748301551426406
Naima,Mother,21.5,1007.4897311958456,2.7807495327433442
Naima,Mother,21.7,2259.1187502699463,2.835565386830423
Naima,Mother,21.833333333333332,3158.446947980563,3.022861220467267
Naima,Mother,22.166666666666668,2112.1079080409972,2.7933818619266693
Naima,Mother,22.4,1185.076525323635,2.7308466465266124
Naima,Mother,22.6,14.451007251768512,2.401846144241183
Naima,Mother,22.9,1636.9071387672786,2.791675832774527
Naima,Mother,23.233333333333334,291.0695981130199,2.5563353504446833
Naima,Mother,23.533333333333335,3337.385407155023,3.1809423189475456
Naima,Mother,23.733333333333334,765.5120473574169,2.6243516200207484
Naima,Mother,23.866666666666667,3453.1720393819505,2.9172025497729033
Naima,Mother,24.133333333333333,587.3537266422215,2.5072677904739162
Naima,Mother,24.4,5232.2067623233515,3.0671413416574898
Naima,Mother,24.566666666666666,533.0909304045002,2.6791299907056927
Naima,Mother,25.0,596.2947968231178,2.779140268938022
Naima,Mother,25.333333333333332,309.2188660770266,2.562582188587267
Naima,Mother,25.533333333333335,5346.912439277484,3.1262374807236957
Naima,Mother,25.8,641.8328664445667,2.6014969209468743
Naima,Mother,26.066666666666666,2384.6182451323666,2.8441455586997884
Naima,Mother,26.366666666666667,1360.8286694280607,2.779491368918099
Naima,Mother,26.566666666666666,514.0505966254627,2.7833429195222075
Naima,Mother,27.2,20.88205945705959,2.499043573571458
Naima,Mother,27.533333333333335,431.91276826863265,2.651938467129883
Naima,Mother,27.8,177.96067592876346,2.6601782799209284
Naima,Mother,28.366666666666667,2036.2052178314984,2.8600010189299514
Naima,Mother,28.533333333333335,1755.0839098260542,2.8320002532725366
Naima,Mother,28.8,4143.14618434954,2.943535287292477
Naima,Mother,28.9,1110.9889175622916,2.631372549966224
Naima,Mother,29.233333333333334,2684.1549626567626,2.948240649063726
Naima,Mother,29.466666666666665,2868.164388577393,2.965673000252407
Naima,Mother,29.5,3241.794547699216,3.0370259558144044
Naima,Mother,29.566666666666666,2545.126429035998,2.9386676646375856
Naima,Mother,29.6,3065.699229044557,2.9943190937453155
Naima,Mother,29.633333333333333,4464.966372780939,3.160877180740863
Naima,Mother,29.9,4040.934523079875,3.020926392881989
Naima,Mother,30.366666666666667,277.92450548915696,2.645200485856599
Naima,Mother,30.833333333333332,4614.11451286242,3.0349697100026005
Naima,Mother,31.1,3321.586450589311,2.8346390632286886
Naima,Mother,31.433333333333334,3514.8522254571767,2.918490535840985
Naima,Mother,31.666666666666668,4519.830324700271,2.9719835168001674
Naima,Mother,31.9,1406.6756756035786,2.7255634483211835
Naima,Mother,32.36666666666667,2721.3324570547024,2.8592380037004883
Naima,Mother,32.63333333333333,4865.147273151546,2.907843005654471
Naima,Mother,33.56666666666667,4796.428010994231,3.2373273119817845
Naima,Mother,33.766666666666666,1914.0437679395445,2.9066105053132594
Naima,Mother,34.03333333333333,2033.0425052690396,2.788880566930773
Naima,Mother,34.266666666666666,1008.4204748689068,2.658357903238877
Naima,Mother,34.6,3358.407695115859,2.8860000622384643
Naima,Mother,34.9,1672.974741057459,2.8859179651879234
Naima,Mother,35.46666666666667,3851.5476701991975,2.9646541236655644
Naima,Mother,35.766666666666666,1180.743716525801,2.8960798124232694
Naima,Mother,36.0,2938.7294796659667,2.8863262261562506
Naima,Mother,37.03333333333333,6122.843936421709,3.1394609780442533
Naima,Mother,38.63333333333333,3113.0296109337132,2.9391319013534525
Naima,Mother,39.833333333333336,6390.725373833956,3.1730537397121577
Naima,Mother,42.766666666666666,2594.2545702860384,2.793909320217691
Naima,Mother,46.333333333333336,5053.784154453598,3.2631898657964116
Naima,Target_Child,11.866666666666667,5681.877335690025,4.460707483010013
Naima,Target_Child,12.466666666666667,4254.102713118535,4.383950781836087
Naima,Target_Child,12.866666666666667,2943.797433396404,4.34751812701785
Naima,Target_Child,13.366666666666667,9656.790298668815,4.485327363868633
Naima,Target_Child,13.8,3504.4941155259685,4.178536976841541
Naima,Target_Child,14.233333333333333,62.252280225784425,3.8607321259168077
Naima,Target_Child,14.7,86.6082483582608,3.9990137580672713
Naima,Target_Child,15.233333333333333,15165.492976227919,4.7492738144130815
Naima,Target_Child,15.4,4652.842804043748,4.0859403589358
Naima,Target_Child,15.833333333333334,5957.505294400381,4.072097308059449
Naima,Target_Child,16.1,1150.5145222290637,3.630349620911519
Naima,Target_Child,16.333333333333332,423.29605627313845,3.5332418794929157
Naima,Target_Child,16.533333333333335,8470.54067286316,4.388198939141005
Naima,Target_Child,16.766666666666666,2723.9116225212006,3.6571689998917827
Naima,Target_Child,17.066666666666666,2197.27109661539,3.8474866200864435
Naima,Target_Child,17.366666666666667,4783.687925804881,3.9326723944663455
Naima,Target_Child,17.8,16306.077754252303,4.72924626450117
Naima,Target_Child,18.133333333333333,13592.671101885135,4.3604982045075475
Naima,Target_Child,18.3,15381.609556891872,4.350622559595968
Naima,Target_Child,18.666666666666668,5267.076582162641,3.8592879696309605
Naima,Target_Child,19.0,4554.389376007426,3.605848328699726
Naima,Target_Child,19.333333333333332,10961.860976235892,3.86879241189937
Naima,Target_Child,19.566666666666666,3210.3534152293014,3.7094265721772093
Naima,Target_Child,19.766666666666666,17620.127215308898,4.593174417312875
Naima,Target_Child,20.033333333333335,4193.448201157554,3.817915806243594
Naima,Target_Child,20.266666666666666,11108.08438562729,4.108759632570097
Naima,Target_Child,20.6,1387.4781790241973,3.6995204968903064
Naima,Target_Child,20.7,2996.2898992956316,3.553279984677974
Naima,Target_Child,21.266666666666666,26943.679598105973,5.258243085451104
Naima,Target_Child,21.333333333333332,22497.85059996077,4.714614642340853
Naima,Target_Child,21.5,6953.662311596983,4.047525027203649
Naima,Target_Child,21.7,6792.375322389649,3.6757319086118474
Naima,Target_Child,21.833333333333332,8472.798635402194,3.6238530157430753
Naima,Target_Child,22.166666666666668,1435.9745205789798,3.292727317685764
Naima,Target_Child,22.4,16414.90500396417,4.6023143511796425
Naima,Target_Child,22.6,724.2731481351436,3.423294110690532
Naima,Target_Child,22.9,19735.565482095426,4.782927250411011
Naima,Target_Child,23.233333333333334,2929.023668849109,3.4221436817599464
Naima,Target_Child,23.533333333333335,12347.231543997217,4.3338934366143205
Naima,Target_Child,23.733333333333334,3617.983842407958,3.5829659106427854
Naima,Target_Child,23.866666666666667,15815.286472521786,4.2416322443980885
Naima,Target_Child,24.133333333333333,4357.77541828987,3.3347462261027614
Naima,Target_Child,24.4,17352.567976633945,4.539606584341377
Naima,Target_Child,24.566666666666666,3151.741304691849,3.437080645065806
Naima,Target_Child,25.0,4795.290025971795,3.6835348465137208
Naima,Target_Child,25.333333333333332,3665.873806542589,3.510459381765764
Naima,Target_Child,25.533333333333335,22061.209550573596,4.603628389453701
Naima,Target_Child,25.8,1237.0059201156412,2.7142035002781384
Naima,Target_Child,26.066666666666666,10191.713339227917,3.6915730568429264
Naima,Target_Child,26.366666666666667,4832.285536418596,3.5942080930716425
Naima,Target_Child,26.566666666666666,2939.6008960812533,3.2285845752578517
Naima,Target_Child,27.2,40.85432858206395,3.0190657107164403
Naima,Target_Child,27.533333333333335,7246.319552948232,4.010511468440188
Naima,Target_Child,27.8,1940.5233105660266,3.202563481889352
Naima,Target_Child,28.366666666666667,18365.510485201896,4.4693773710382505
Naima,Target_Child,28.533333333333335,2820.9921048830797,3.3005268592348997
Naima,Target_Child,28.8,12845.861401672366,4.113422079684313
Naima,Target_Child,28.9,876.7947685268887,3.3422390672433364
Naima,Target_Child,29.233333333333334,18501.921114284873,4.407865497268583
Naima,Target_Child,29.466666666666665,10639.855112819443,3.6698533178246175
Naima,Target_Child,29.5,13751.232533150971,4.042395972314183
Naima,Target_Child,29.566666666666666,10686.804782529025,3.747845213680644
Naima,Target_Child,29.6,13663.652375429103,4.026211109793932
Naima,Target_Child,29.633333333333333,12079.53078739812,4.0647262333939915
Naima,Target_Child,29.9,27299.52234430452,5.15477378624477
Naima,Target_Child,30.366666666666667,1268.5207021098163,3.7038963401681606
Naima,Target_Child,30.833333333333332,27907.43477584909,5.146356425787124
Naima,Target_Child,31.1,1935.8224279505162,3.3921362236470642
Naima,Target_Child,31.433333333333334,10904.663961602811,3.8599084505003303
Naima,Target_Child,31.666666666666668,15652.256280132353,4.435734673444875
Naima,Target_Child,31.9,7292.566284039056,3.838806379486875
Naima,Target_Child,32.36666666666667,11955.645941580631,4.1629631667848805
Naima,Target_Child,32.63333333333333,17376.578460227367,4.455802438891077
Naima,Target_Child,33.56666666666667,12737.831339776287,4.25208224850312
Naima,Target_Child,33.766666666666666,17387.442261732045,4.268466573084106
Naima,Target_Child,34.03333333333333,10556.050204037503,3.935725804489886
Naima,Target_Child,34.266666666666666,8338.739010998002,3.5286428800473746
Naima,Target_Child,34.6,11364.128566630905,4.099176792749209
Naima,Target_Child,34.9,7091.398874714026,3.3792381633881288
Naima,Target_Child,35.46666666666667,2443.137821837073,2.955650535552706
Naima,Target_Child,35.766666666666666,7895.644583557565,3.383377660750068
Naima,Target_Child,36.0,4743.056482363879,3.709917494340561
Naima,Target_Child,37.03333333333333,16058.490196552817,4.157895110978158
Naima,Target_Child,38.63333333333333,7230.162523512533,3.2307810739696974
Naima,Target_Child,39.833333333333336,2286.5832394829563,3.0860647389385796
Naima,Target_Child,42.766666666666666,3877.0031270297536,3.5950877425501804
Naima,Target_Child,46.333333333333336,5045.40731877631,3.258192437452274
Violet,Mother,14.0,2015.8306503694537,3.051690287019395
Violet,Mother,14.466666666666667,338.7019259467371,2.767057026535357
Violet,Mother,15.3,470.7891300025254,2.8876707467381024
Violet,Mother,15.866666666666667,28.49809306777992,2.838068290032839
Violet,Mother,16.233333333333334,28.347424426426976,2.8514723174181085
Violet,Mother,16.666666666666668,3501.0346291914793,3.1252538668368874
Violet,Mother,17.1,7690.558626207231,3.5768563176667802
Violet,Mother,17.666666666666668,10967.332386545871,3.743345127386871
Violet,Mother,18.1,7358.157575450265,3.3889052757968066
Violet,Mother,18.6,406.47055092518576,2.580441433762633
Violet,Mother,19.133333333333333,3720.204864755114,3.1812701883584795
Violet,Mother,19.733333333333334,5653.317198490987,3.1901300081878317
Violet,Mother,20.166666666666668,5724.655103754756,3.2490979875988506
Violet,Mother,20.733333333333334,5436.287716688635,3.2173015837469388
Violet,Mother,21.233333333333334,6408.08849237292,3.3395933341286237
Violet,Mother,21.833333333333332,6494.165003282783,3.2824876167529395
Violet,Mother,22.4,7776.363187567956,3.3875141841566045
Violet,Mother,22.9,6645.42405327568,3.166311838049809
Violet,Mother,23.5,5343.667010367445,3.0908019777460214
Violet,Mother,23.933333333333334,4830.928247060411,3.356281614754639
Violet,Mother,24.433333333333334,6987.50302098667,3.388463583527515
Violet,Mother,24.9,1858.9824824156356,3.0372843421859996
Violet,Mother,25.333333333333332,5425.355315526096,3.155783245998135
Violet,Mother,25.633333333333333,5684.5245088437005,3.2656000550043314
Violet,Mother,26.366666666666667,11116.295116953055,3.684652157118616
Violet,Mother,27.166666666666668,8094.408006092363,3.311353552431209
Violet,Mother,27.4,5150.57828576985,3.250032063066821
Violet,Mother,27.633333333333333,6657.254073738594,3.2750253972217607
Violet,Mother,29.033333333333335,3081.7049794082495,3.0265758498697304
Violet,Mother,29.5,5619.96492811912,3.0660400556601495
Violet,Mother,29.9,2241.6107404528193,2.918423030480454
Violet,Mother,30.533333333333335,2820.6805246838153,3.0703047572338797
Violet,Mother,30.9,2187.276926202266,2.824526235775272
Violet,Mother,31.233333333333334,999.4950825780386,2.925697910919831
Violet,Mother,31.8,4692.513693368937,2.957555338469236
Violet,Mother,32.233333333333334,4255.397196621958,2.910638083659645
Violet,Mother,32.63333333333333,3239.9867384270674,3.1047157154775795
Violet,Mother,33.266666666666666,2251.5374519077036,3.121190632908847
Violet,Mother,34.06666666666667,6970.299244327652,3.3103922419226266
Violet,Mother,34.53333333333333,2468.05142516525,2.8747889356418286
Violet,Mother,34.93333333333333,3717.4900815827523,2.8898194173444147
Violet,Mother,35.86666666666667,758.1018462116141,2.813790268205172
Violet,Mother,37.63333333333333,4319.813704754631,3.1759310160594745
Violet,Mother,40.0,4359.010215370149,3.0381513989233606
Violet,Mother,40.8,2075.903964758474,2.7985105297444055
Violet,Mother,42.0,3117.362693396126,2.9621061884373283
Violet,Mother,42.7,6812.315655599187,3.229898148334661
Violet,Mother,43.733333333333334,4773.573047059259,3.4197663597781984
Violet,Mother,44.766666666666666,3580.1926075428582,2.803619037627216
Violet,Mother,46.6,2801.7068128405417,2.9504636694148734
Violet,Mother,47.8,2506.278506802769,3.0215270993519585
Violet,Target_Child,14.0,43324.931781981155,7.235782888787509
Violet,Target_Child,14.466666666666667,12894.402791585262,5.4121654533526895
Violet,Target_Child,15.3,9926.687495387834,5.044117077179686
Violet,Target_Child,15.866666666666667,11285.991760875531,5.276631802838814
Violet,Target_Child,16.233333333333334,7706.453983102772,4.970731113433724
Violet,Target_Child,16.666666666666668,25626.747110667802,6.229494048884764
Violet,Target_Child,17.1,36345.65052148862,7.07719154408002
Violet,Target_Child,17.666666666666668,82527.7584344682,9.537804586611967
Violet,Target_Child,18.1,89655.67730815611,9.907595839244008
Violet,Target_Child,18.6,5336.2814846884385,4.540937473187845
Violet,Target_Child,19.133333333333333,24879.18764432378,5.573857049144325
Violet,Target_Child,19.733333333333334,18840.177663269562,4.989204151024562
Violet,Target_Child,20.166666666666668,10892.508447082551,4.747481448962748
Violet,Target_Child,20.733333333333334,15329.98184730004,5.211965274150316
Violet,Target_Child,21.233333333333334,3770.0857947436834,3.9028822672653227
Violet,Target_Child,21.833333333333332,23368.154661388653,5.374868483230798
Violet,Target_Child,22.4,18446.525850138747,4.9272554738708445
Violet,Target_Child,22.9,24832.163114742732,5.018324892013395
Violet,Target_Child,23.5,19304.35883890409,5.103446505175106
Violet,Target_Child,23.933333333333334,16289.509431898405,4.860564944435316
Violet,Target_Child,24.433333333333334,5119.620182438066,3.887045261037756
Violet,Target_Child,24.9,11226.030780413277,3.9798117360446645
Violet,Target_Child,25.333333333333332,6970.263071807828,3.8916098771045124
Violet,Target_Child,25.633333333333333,11878.65875620216,4.2017626759672035
Violet,Target_Child,26.366666666666667,10000.941780709067,4.233342205795675
Violet,Target_Child,27.166666666666668,12744.485106942866,4.556770248712163
Violet,Target_Child,27.4,7585.979406833228,3.924322659502386
Violet,Target_Child,27.633333333333333,6246.944606526141,4.220563516080313
Violet,Target_Child,29.033333333333335,6023.2879722453,3.8936615949795277
Violet,Target_Child,29.5,11546.686376307416,4.086338117452965
Violet,Target_Child,29.9,12496.119141942536,3.9111454429234525
Violet,Target_Child,30.533333333333335,15571.934031317247,4.022120671603187
Violet,Target_Child,30.9,8626.526566236751,3.7835143901874413
Violet,Target_Child,31.233333333333334,8928.400551179553,3.735947900100778
Violet,Target_Child,31.8,34908.381364323766,5.930578044149302
Violet,Target_Child,32.233333333333334,20457.926305708042,4.744045137269775
Violet,Target_Child,32.63333333333333,19850.98042306797,4.721974917351704
Violet,Target_Child,33.266666666666666,13457.787119420642,4.187228208885927
Violet,Target_Child,34.06666666666667,21603.393306620677,4.689043763868045
Violet,Target_Child,34.53333333333333,25299.443485152893,5.364918854146294
Violet,Target_Child,34.93333333333333,7947.912997800633,3.759245562991214
Violet,Target_Child,35.86666666666667,25982.350465802872,5.187699944863493
Violet,Target_Child,37.63333333333333,18500.68311000002,4.628636080351126
Violet,Target_Child,40.0,49366.194414181206,6.632886532348409
Violet,Target_Child,40.8,20033.488024608105,4.38918453840203
Violet,Target_Child,42.0,28675.92897622285,5.342153450027973
Violet,Target_Child,42.7,13143.990535591129,4.311489126629528
Violet,Target_Child,43.733333333333334,26586.796474485946,5.040030275050754
Violet,Target_Child,44.766666666666666,9260.852314214251,3.764414052958429
Violet,Target_Child,46.6,19078.030262142565,4.2136227508590105
Violet,Target_Child,47.8,25839.410458480965,5.1310462839421245
William,Mother,16.4,205.9994162601594,3.039014354872109
William,Mother,16.9,582.1236961578261,2.9787830218570237
William,Mother,18.166666666666668,890.548572698739,2.8174092604127883
William,Mother,18.633333333333333,377.9056918933123,2.8330712278425305
William,Mother,19.6,440.726886721062,2.768297623146894
William,Mother,20.066666666666666,793.0783317796703,2.8193352308867365
William,Mother,20.466666666666665,4084.4810715850344,2.9780287704010853
William,Mother,20.966666666666665,42.65932115834041,2.7175446396887866
William,Mother,21.4,427.0904946003322,2.751881114453384
William,Mother,21.9,26.59282612643251,2.804533112820371
William,Mother,22.4,24.91120814358723,2.6868489458744564
William,Mother,23.0,286.57488859689647,2.8413005079323304
William,Mother,23.5,464.65734239754363,2.924553186164264
William,Mother,24.4,686.5745958264246,2.95615499623702
William,Mother,24.933333333333334,341.83456842857106,2.87996490489516
William,Mother,25.3,658.8673136485108,2.692344352838629
William,Mother,25.9,704.5409555131504,2.885205249477172
William,Mother,26.3,2415.149494125454,3.066224527515371
William,Mother,26.7,4331.715474807382,3.315641210566384
William,Mother,27.233333333333334,31.294938150382205,2.8711140402440214
William,Mother,27.633333333333333,34.930027607898246,2.852687906689186
William,Mother,28.1,1238.4796542258246,2.9312900379951987
William,Mother,28.533333333333335,1349.5822162091513,3.05011936172915
William,Mother,29.0,6064.291758699026,3.2101333291044196
William,Mother,29.533333333333335,620.1321018169124,2.743601967160222
William,Mother,29.966666666666665,3402.3807575563615,2.808275358126606
William,Mother,30.4,1988.0211591052723,2.8428446338564877
William,Mother,30.866666666666667,5692.4760183943245,3.148761156943242
William,Mother,31.266666666666666,3724.478413907537,2.7206405180492634
William,Mother,31.866666666666667,1827.8092081672976,2.761929220883804
William,Mother,32.266666666666666,4005.20498973995,2.9904129196968507
William,Mother,32.733333333333334,12098.016242316675,3.60753025957561
William,Mother,35.0,4809.204969476693,3.12197080275257
William,Mother,35.46666666666667,663.7756733874863,2.6223580938338804
William,Mother,36.36666666666667,3066.0620145381613,2.893636423813975
William,Mother,36.93333333333333,285.5984434929685,2.6565337935499573
William,Mother,37.5,3448.40905168408,3.0507544580231505
William,Mother,37.833333333333336,2920.079477650877,2.922284226500456
William,Mother,38.7,5810.775690704052,3.170163717433483
William,Mother,39.166666666666664,25.6412586609574,2.6688316825148792
William,Mother,39.833333333333336,52.4323142248073,3.253283328655389
William,Mother,40.6,8237.210977998237,3.2336193521238017
William,Target_Child,16.4,18479.124945693664,5.604968306082411
William,Target_Child,16.9,18078.88608459074,5.643467768423262
William,Target_Child,18.166666666666668,17774.105927298082,5.3283361917909655
William,Target_Child,18.633333333333333,23766.928928439916,5.583301095325627
William,Target_Child,19.266666666666666,15873.244476045296,5.049771179734766
William,Target_Child,19.6,1042.8380618154717,3.774112411887315
William,Target_Child,20.066666666666666,3815.636824451303,4.183667606411879
William,Target_Child,20.466666666666665,21522.512099562566,5.038432942126091
William,Target_Child,20.966666666666665,30522.068168341237,5.712337024794492
William,Target_Child,21.4,4760.345579817425,4.19606938473353
William,Target_Child,21.9,27321.6737653173,5.720590304280326
William,Target_Child,22.4,600.9273088618318,3.9775135464361506
William,Target_Child,23.0,17949.462945760286,5.167555497774092
William,Target_Child,23.5,16583.66333865485,4.999910700599389
William,Target_Child,24.4,18994.777322792863,4.978435658071988
William,Target_Child,24.933333333333334,22871.636666589922,5.387303224423921
William,Target_Child,25.3,8728.588106155545,4.458686814353209
William,Target_Child,25.9,12410.680116029205,4.501170835828046
William,Target_Child,26.3,11490.147406884773,4.452491286301518
William,Target_Child,26.7,51335.16600952815,7.281876307862387
William,Target_Child,27.233333333333334,8134.618741848252,3.998013780713122
William,Target_Child,27.633333333333333,15672.98301504732,4.511149798525998
William,Target_Child,28.1,6621.122672612307,3.720269096676692
William,Target_Child,28.533333333333335,9700.666448440288,4.048716029606243
William,Target_Child,29.0,2513.375953847449,3.827970148648346
William,Target_Child,29.533333333333335,4170.159331962857,3.825826018677042
William,Target_Child,29.966666666666665,21203.629096263576,5.061326528184603
William,Target_Child,30.4,6116.857436233724,4.0302276386839875
William,Target_Child,30.866666666666667,19146.809714082836,4.726167881715212
William,Target_Child,31.266666666666666,17021.672994156397,4.3178266565296815
William,Target_Child,31.866666666666667,13199.767047436044,4.4405624401315835
William,Target_Child,32.266666666666666,11044.541812458341,4.102984425275569
William,Target_Child,32.733333333333334,15668.024624192542,4.639295777846519
William,Target_Child,33.166666666666664,14053.104586457497,4.248779192593344
William,Target_Child,35.0,13940.689527720855,4.496445492395477
William,Target_Child,35.46666666666667,14119.344891159231,4.093201539493719
William,Target_Child,36.36666666666667,13872.7591133016,4.131963945317266
William,Target_Child,36.93333333333333,5865.118116307346,3.6159718007096404
William,Target_Child,37.5,13521.518126128614,4.086205836886815
William,Target_Child,37.833333333333336,19459.63092797859,4.634246662615333
William,Target_Child,38.7,10828.673989821065,3.9100658920919176
William,Target_Child,39.166666666666664,7445.832088891156,3.8776984015982237
William,Target_Child,39.833333333333336,4158.360541611151,3.5128783529057723
William,Target_Child,40.6,4982.530314336564,3.5421063735798533
