family,speaker,age,entropy,perplexity,gold_entropy
Alex,Mother,16.9,2.500046811383572,12.751619738270897,3.1104757690026443
Alex,Mother,17.4,2.5750566192028175,13.660007428636067,2.9026269780770515
Alex,Mother,17.866666666666667,2.6005578962430147,13.956885622546766,3.057586099690115
Alex,Mother,18.466666666666665,2.5549898163122395,13.367427931412834,2.8718478544242334
Alex,Mother,19.233333333333334,2.611612210714299,14.172314793527603,2.7408767842728157
Alex,Mother,19.866666666666667,2.636228485128521,14.304769620893909,2.9712579009807216
Alex,Mother,20.366666666666667,2.653002769305156,14.624381704172572,3.185778286273663
Alex,Mother,20.833333333333332,2.573694605366848,13.36649950700473,3.1467609158061474
Alex,Mother,21.266666666666666,2.5821517032916557,13.521824396423925,3.207414344722676
Alex,Mother,21.733333333333334,2.609698523174633,13.732089610479598,3.19621153282777
Alex,Mother,22.2,2.5977564251350045,13.594786703469094,3.376143051262057
Alex,Mother,22.8,2.574258433616891,13.283569554622698,3.4276945670040284
Alex,Mother,23.1,2.5682199575552125,13.244858601778223,3.0271591809464664
Alex,Mother,23.566666666666666,2.5432661169826396,13.173763682048039,3.1641791911408452
Alex,Mother,23.9,2.5771935695009676,13.355431103607724,3.1491058240043523
Alex,Mother,24.4,2.524793129456814,12.88329208403084,2.94028275275865
Alex,Mother,25.066666666666666,2.5577665522503548,13.194724140038996,2.7745529401760836
Alex,Mother,25.566666666666666,2.532347842759815,13.030262942982837,2.6746884664887856
Alex,Mother,26.0,2.5798830495471448,13.442673378069992,2.7094734792864075
Alex,Mother,26.566666666666666,2.5378864836181,12.93491598423249,2.894427915378632
Alex,Mother,27.0,2.570552945294917,13.27395253363813,2.8426405644574704
Alex,Mother,27.466666666666665,2.575518518727288,13.37098351860177,2.8240962182639224
Alex,Mother,27.866666666666667,2.5537830265423724,12.985744742667118,2.92799939927254
Alex,Mother,28.366666666666667,2.545020738881087,12.899315774842922,2.92668594854295
Alex,Mother,28.833333333333332,2.6294811244483465,14.003320175051938,2.6943763191635544
Alex,Mother,29.3,2.572294268590301,13.24969015540631,2.7824500005191832
Alex,Mother,29.766666666666666,2.4856806810302374,12.235960627458269,2.91100531097845
Alex,Mother,30.2,2.6153986806535534,13.81187839849764,2.9672837166934625
Alex,Mother,30.666666666666668,2.6136961907653484,13.886230321245852,2.8653294428930445
Alex,Mother,31.166666666666668,2.6006646214109477,13.83705549874673,2.7797440767288206
Alex,Mother,31.8,2.645275621060972,14.279159324821885,3.0741391429194698
Alex,Mother,32.333333333333336,2.626569031725458,14.048039036266374,2.86938064771466
Alex,Mother,32.53333333333333,2.600448639324129,13.632645062990587,2.808158307012063
Alex,Mother,32.93333333333333,2.4721338545473723,12.260351823329955,2.940157591723479
Alex,Mother,33.43333333333333,2.599904129751241,13.617139827831558,2.8235684262112715
Alex,Mother,33.86666666666667,2.6057904072296925,13.774083509232579,3.2158613983012025
Alex,Mother,34.36666666666667,2.5856907806159315,13.554404820931465,2.717391458169328
Alex,Mother,34.833333333333336,2.5576591294593913,13.18629980378916,3.0439487064956987
Alex,Mother,35.266666666666666,2.6543872235477837,14.432537870991121,2.7214701316371466
Alex,Mother,35.733333333333334,2.643368619837259,14.247487464685566,3.3914695382118225
Alex,Mother,36.2,2.7496513960026063,15.82160157614221,3.0887640200187043
Alex,Mother,37.1,2.6515705839218384,14.468341325257269,3.070901729735026
Alex,Mother,37.63333333333333,2.664101603837489,14.589353638949028,2.8697806666367245
Alex,Mother,38.0,2.638959940292139,14.241693982797814,2.8881667456795683
Alex,Mother,38.46666666666667,2.6990732235513675,15.033955891470965,3.262323820160706
Alex,Mother,39.03333333333333,2.709274848935816,15.209311267670378,3.218710262031381
Alex,Mother,39.43333333333333,2.6131551882194852,14.115366840778398,2.855554070314899
Alex,Mother,39.9,2.7171399953328805,15.292816155780294,2.87412936760508
Alex,Mother,40.333333333333336,2.641856997480823,14.316603135640545,3.3256559603744082
Alex,Mother,40.8,2.6950667923540217,15.148274509110403,3.0406638259520067
Alex,Mother,41.53333333333333,2.7003432013030744,15.06884188510593,2.916700897461329
Alex,Target_Child,16.9,2.5562141902190594,13.335092987401541,5.2213334327886916
Alex,Target_Child,17.4,2.5901024003527056,14.081427400394059,4.783989580709543
Alex,Target_Child,17.866666666666667,2.690027283468554,15.196382270416022,4.786797632709626
Alex,Target_Child,18.466666666666665,2.670430937770066,14.873270171864785,4.7992251815309945
Alex,Target_Child,19.233333333333334,2.669630346474824,15.035247722281543,4.830575949615902
Alex,Target_Child,19.866666666666667,2.6964776418530025,15.1859480448065,5.318420620491872
Alex,Target_Child,20.366666666666667,2.7060693299304175,15.291734277130216,4.426515260888212
Alex,Target_Child,20.833333333333332,2.654852695207669,14.410268642741942,5.468636007419282
Alex,Target_Child,21.266666666666666,2.6420670335109415,14.283482078524928,4.991881214196866
Alex,Target_Child,21.733333333333334,2.706670082885133,15.13585233933716,4.408608336420454
Alex,Target_Child,22.2,2.692922285058822,14.888680520594821,4.584229378158696
Alex,Target_Child,22.8,2.665967698597965,14.510142117468293,4.204392911141698
Alex,Target_Child,23.1,2.6325022972506247,14.06942772587931,5.293269055192348
Alex,Target_Child,23.566666666666666,2.615596843169148,13.99942037663028,4.250992451395307
Alex,Target_Child,23.9,2.648301293030669,14.254756353219522,5.011621978752402
Alex,Target_Child,24.4,2.6100469517707823,13.950395583949064,4.930401427529075
Alex,Target_Child,25.066666666666666,2.639871123696671,14.22737977643931,4.01367859856612
Alex,Target_Child,25.566666666666666,2.6682020792594323,14.600286836666685,3.8098218275950506
Alex,Target_Child,26.0,2.653845298223655,14.483540194614282,4.258800376060955
Alex,Target_Child,26.566666666666666,2.6747205080670136,14.691359418977793,3.871317664907558
Alex,Target_Child,27.0,2.659587549522359,14.51017084406202,4.008521309719291
Alex,Target_Child,27.466666666666665,2.68389930717043,14.852427049441456,4.097513839468226
Alex,Target_Child,27.866666666666667,2.659021005072363,14.386514760658155,3.2377614363762564
Alex,Target_Child,28.366666666666667,2.647754504292022,14.260515960156388,3.9417594122466535
Alex,Target_Child,28.833333333333332,2.7094227843622116,15.125352329573998,3.3866506589951837
Alex,Target_Child,29.3,2.6760383974604247,14.630037938573743,4.031098536283028
Alex,Target_Child,29.766666666666666,2.5883161742346625,13.487714811467363,4.224875798679533
Alex,Target_Child,30.2,2.7009835259226342,15.013472069864482,3.865732832442994
Alex,Target_Child,30.666666666666668,2.699245645046234,15.00011818524171,4.482530488014222
Alex,Target_Child,31.166666666666668,2.691026174797202,15.021834314818168,5.2571954108634085
Alex,Target_Child,31.8,2.699255844642376,15.042280022262176,6.552551398332092
Alex,Target_Child,32.333333333333336,2.7200761169195173,15.312721620170883,4.373459959030152
Alex,Target_Child,32.53333333333333,2.691565405174885,14.894598312462989,4.6885045061879635
Alex,Target_Child,32.93333333333333,2.58745920783595,13.391361639654129,5.065339927924307
Alex,Target_Child,33.43333333333333,2.6753823078595675,14.652781462541682,5.163862595879115
Alex,Target_Child,33.86666666666667,2.656546134099686,14.386846634726997,3.9724150087764794
Alex,Target_Child,34.36666666666667,2.685619604221191,14.897975071421294,4.100405940490975
Alex,Target_Child,34.833333333333336,2.671714242070149,14.66276316003302,3.915845194306129
Alex,Target_Child,35.266666666666666,2.719715990161444,15.317580114476938,4.244084445786137
Alex,Target_Child,35.733333333333334,2.672035006143279,14.657067274955507,5.230937014191838
Alex,Target_Child,36.2,2.772426607248918,16.142348337814457,4.258665558752024
Alex,Target_Child,37.1,2.6996224233356303,15.064981776161074,4.458209860420738
Alex,Target_Child,37.63333333333333,2.7320020460896917,15.522918172100084,4.2639876951967235
Alex,Target_Child,38.0,2.708517269243168,15.131142611624114,4.195619877129165
Alex,Target_Child,38.46666666666667,2.7587276788858266,15.959386315804903,4.158885270999028
Alex,Target_Child,39.03333333333333,2.7371185453793476,15.597014955831554,6.015297451698751
Alex,Target_Child,39.43333333333333,2.6941423880678195,15.30846664973787,4.165858744208656
Alex,Target_Child,39.9,2.748930663683198,15.77584934975528,4.538633186437868
Alex,Target_Child,40.333333333333336,2.695966865408094,15.019108476367881,4.966446562784991
Alex,Target_Child,40.8,2.7375455761289262,15.674110752365351,3.9809033815121597
Alex,Target_Child,41.53333333333333,2.7571000440459597,15.89322383660706,4.915128414024439
Ethan,Mother,11.133333333333333,2.628209893018347,14.219581970415234,2.990777838696098
Ethan,Mother,11.7,2.638719218356587,14.221036896864607,2.944671672328858
Ethan,Mother,12.2,2.6364891717595786,14.249213424108387,3.26417956090179
Ethan,Mother,12.7,2.599065225843751,13.7692116390418,3.1505595999579445
Ethan,Mother,13.166666666666666,2.579393939578045,13.461065550631941,3.0465324435666292
Ethan,Mother,13.566666666666666,2.600548756373974,13.628368185682982,3.5643820303526357
Ethan,Mother,14.033333333333333,2.607931768962121,13.811945378184998,3.202472344932393
Ethan,Mother,14.6,2.641834216658573,14.215320592753201,3.0634870100525657
Ethan,Mother,14.933333333333334,2.6098579644599806,13.760213274339389,3.394391061825173
Ethan,Mother,15.5,2.6220645059940786,13.89705997671259,2.834221915436177
Ethan,Mother,16.0,2.638246283831774,14.18562622291738,3.3809045587364785
Ethan,Mother,16.366666666666667,2.6222420268907,14.01856441547879,3.228615633570231
Ethan,Mother,16.866666666666667,2.6028362923422774,13.64281087027116,2.7154234300898965
Ethan,Mother,17.566666666666666,2.6108710207837693,13.764856475872001,2.9557537460037278
Ethan,Mother,18.066666666666666,2.623666070766382,13.983656017784032,3.438991958236361
Ethan,Mother,18.666666666666668,2.6800537827039004,14.755963647989992,3.066715726467094
Ethan,Mother,19.0,2.6001455783843994,13.653044583688487,3.134205238221434
Ethan,Mother,19.466666666666665,2.4824510994604077,12.14291403979201,2.66332413584499
Ethan,Mother,19.866666666666667,2.611406836426466,13.860308758461578,2.8876379068355607
Ethan,Mother,20.133333333333333,2.6461465013199956,14.234925997861556,2.8740808998329053
Ethan,Mother,20.666666666666668,2.596604696488312,13.634411893187204,2.583944883592491
Ethan,Mother,21.133333333333333,2.6028072834014893,13.738226419710374,2.855219456474338
Ethan,Mother,21.6,2.6468213442209603,14.22238325263376,2.7816454397665487
Ethan,Mother,21.866666666666667,2.6524514130998456,14.313649510834578,2.7110031597922295
Ethan,Mother,22.366666666666667,2.612840080288201,13.865620656632442,2.8763908145114847
Ethan,Mother,22.766666666666666,2.623982353940036,13.95183690702151,2.97611545778146
Ethan,Mother,23.333333333333332,2.619029260940433,13.926717884744832,2.7818387272935476
Ethan,Mother,23.7,2.6306864804628365,14.059841670101806,2.737432498680918
Ethan,Mother,24.233333333333334,2.6322185545336474,14.045850166837887,2.8735479320610424
Ethan,Mother,24.833333333333332,2.6099424559615194,13.758072821527305,2.7658871364793436
Ethan,Mother,25.733333333333334,2.629491233670362,14.013625042623977,2.9180651188673337
Ethan,Mother,26.266666666666666,2.6623148731765998,14.467370441601537,3.1059811732668052
Ethan,Mother,26.733333333333334,2.6113967780143983,13.789208834037344,2.6846121689965647
Ethan,Mother,27.633333333333333,2.6144818857170735,13.81589508042762,3.014213752331613
Ethan,Mother,28.066666666666666,2.61036096363378,13.75542725307834,3.166033041371396
Ethan,Mother,28.633333333333333,2.603523793398777,13.638055289072215,2.977543753998302
Ethan,Mother,29.0,2.6769037164232268,14.700395000557988,2.9203192362995267
Ethan,Mother,29.5,2.5939063122081474,13.519878573256147,2.914864376850581
Ethan,Mother,29.866666666666667,2.6578234391472884,14.440412726202794,2.609624738298118
Ethan,Mother,30.366666666666667,2.62684092426722,13.990650912911303,2.9883345663547516
Ethan,Mother,30.8,2.6678398462532007,14.540310145444879,2.878918714079927
Ethan,Mother,31.3,2.6206134833153403,13.864597875415003,3.468589029372384
Ethan,Mother,31.833333333333332,2.679309199763929,14.732624032966502,3.502430621590859
Ethan,Mother,32.333333333333336,2.6754288243299182,14.675795612259623,3.876853682270104
Ethan,Mother,33.0,2.5186427462900913,12.520301900039405,3.0791321754845775
Ethan,Mother,33.233333333333334,2.66429822498768,14.512037724634439,3.4477833639180147
Ethan,Mother,33.666666666666664,2.6671879411095363,14.55210058335428,3.0931297319125286
Ethan,Mother,34.166666666666664,2.683038350379113,14.751862426802097,3.534694063191367
Ethan,Mother,34.6,2.628864778346153,13.97846305020815,3.108897345748978
Ethan,Mother,35.03333333333333,2.6265766265544483,13.959140956084063,3.116669189768557
Ethan,Target_Child,11.133333333333333,2.684859275817871,14.670080086098883,7.273593584696452
Ethan,Target_Child,11.7,2.7270348336961536,15.437951092671954,4.13470102681054
Ethan,Target_Child,12.2,2.725161410868168,15.415622844887391,6.527036208659411
Ethan,Target_Child,12.7,2.6794664711991616,14.770644612869255,4.588183490698003
Ethan,Target_Child,13.166666666666666,2.6339639360490055,14.092294842567071,4.191160133351451
Ethan,Target_Child,13.566666666666666,2.6659605662300163,14.500659012114022,5.848431449638654
Ethan,Target_Child,14.033333333333333,2.650560537664807,14.421328119237346,4.748369529089575
Ethan,Target_Child,14.6,2.7426261290394027,15.69229193325153,4.36457938726606
Ethan,Target_Child,14.933333333333334,2.6846075663060853,14.845311993686076,4.512184557589618
Ethan,Target_Child,15.5,2.698142495006323,15.003292107516904,4.380870290845633
Ethan,Target_Child,16.0,2.73996282441587,15.69965495180143,4.324112443298828
Ethan,Target_Child,16.366666666666667,2.7098765092737533,15.208795303229731,5.264947650659138
Ethan,Target_Child,16.866666666666667,2.674328272053272,14.672784544553357,4.61562476612929
Ethan,Target_Child,17.566666666666666,2.7081351502221604,15.129663117454164,4.183078983534686
Ethan,Target_Child,18.066666666666666,2.697574381047571,14.993958561372931,4.563599740955191
Ethan,Target_Child,18.666666666666668,2.784298926113761,16.313535726509073,3.904676735082412
Ethan,Target_Child,19.0,2.623803731539975,13.996680313794753,4.701772988490436
Ethan,Target_Child,19.466666666666665,2.5068721544742583,12.418408661599587,4.23670111656189
Ethan,Target_Child,19.866666666666667,2.6857769081989926,14.920648613209435,3.6115758220354715
Ethan,Target_Child,20.133333333333333,2.6466575180470704,14.316738525602627,3.7544976472854614
Ethan,Target_Child,20.666666666666668,2.6304907438366913,14.083011847359964,4.022771225419155
Ethan,Target_Child,21.133333333333333,2.607687588660948,13.891653009300242,4.768610223647086
Ethan,Target_Child,21.6,2.6276113986968994,14.005185635183254,4.092598930001259
Ethan,Target_Child,21.866666666666667,2.6774416610974225,14.683321725971021,4.642711693499269
Ethan,Target_Child,22.366666666666667,2.684764245237623,14.80831798919266,4.101186891283308
Ethan,Target_Child,22.766666666666666,2.7221085750139675,15.352880094410603,4.284909397540008
Ethan,Target_Child,23.333333333333332,2.6750155841412186,14.711989791509128,3.6251382746664036
Ethan,Target_Child,23.7,2.6892246262071096,14.952817193052892,4.488647361092156
Ethan,Target_Child,24.233333333333334,2.6684902883925528,14.618002331617305,4.104175857777865
Ethan,Target_Child,24.833333333333332,2.703737019874889,15.242937405319559,3.585786335826538
Ethan,Target_Child,25.733333333333334,2.690755634773068,14.85359257969908,5.050666892431615
Ethan,Target_Child,26.266666666666666,2.7305993855262116,15.460411631360811,4.466050249364407
Ethan,Target_Child,26.733333333333334,2.681324270733616,14.7285018082535,5.210579529143216
Ethan,Target_Child,27.633333333333333,2.691639679418483,14.902449017015615,5.8260495801207055
Ethan,Target_Child,28.066666666666666,2.7015129186605153,15.07724120245379,5.074046199259006
Ethan,Target_Child,28.633333333333333,2.636084972673161,14.133819287388835,4.73048032013474
Ethan,Target_Child,29.0,2.7238301503030877,15.400267241951308,4.5014963237862835
Ethan,Target_Child,29.5,2.6652279522839715,14.503523720798869,5.50825975894928
Ethan,Target_Child,29.866666666666667,2.745413064956665,15.663964179827785,3.1849561872020846
Ethan,Target_Child,30.366666666666667,2.703611442880036,15.09958560495718,4.603938996261235
Ethan,Target_Child,30.8,2.7231247150708757,15.365390318339731,4.1439735279196785
Ethan,Target_Child,31.3,2.6719356570580994,14.592274641411013,4.672192459154611
Ethan,Target_Child,31.833333333333332,2.7781517632137924,16.216139209069944,3.9515370544513324
Ethan,Target_Child,32.333333333333336,2.7808876979351043,16.27712273755093,4.266787525713443
Ethan,Target_Child,33.0,2.5463011151538044,12.891547334612728,3.3339757794722242
Ethan,Target_Child,33.233333333333334,2.7109273132155924,15.1504196320987,4.22335820759044
Ethan,Target_Child,33.666666666666664,2.7435542225238665,15.735547933843815,3.7855303095812776
Ethan,Target_Child,34.166666666666664,2.7288176736713927,15.435381695752982,4.314259954146397
Ethan,Target_Child,34.6,2.722611041928901,15.353227956282186,3.95591875217
Ethan,Target_Child,35.03333333333333,2.6801353693008423,14.705562735243248,4.183623763286707
Lily,Mother,13.066666666666666,2.6091779753043376,13.736167126308185,3.170943715387274
Lily,Mother,13.566666666666666,2.5908656641655443,13.494151075140254,3.2683017212325605
Lily,Mother,14.066666666666666,2.610340830653605,13.781592260755279,3.2524299748016126
Lily,Mother,14.433333333333334,2.5839132680735477,13.459987745133265,2.9727512353221943
Lily,Mother,14.933333333333334,2.5503881329986013,12.924821742452892,3.17185702511665
Lily,Mother,15.433333333333334,2.566891092781781,13.166439065861585,3.1172740232993013
Lily,Mother,15.766666666666667,2.564065615695831,13.195518561832401,3.0556326611460416
Lily,Mother,15.866666666666667,2.599358475666246,13.66661886520265,3.15659826306997
Lily,Mother,16.766666666666666,2.581623371749024,13.349887922076455,3.205133941161071
Lily,Mother,17.266666666666666,2.5624560157675424,13.138349097202049,3.2512254488288788
Lily,Mother,17.7,2.62505350398893,13.978641497122531,3.201275313226931
Lily,Mother,18.366666666666667,2.580809754625742,13.395442702095739,3.346310476629569
Lily,Mother,18.6,2.5929006914214607,13.535338498419708,3.069571540279202
Lily,Mother,19.033333333333335,2.6339983032948657,14.078818006390629,2.8411645276140756
Lily,Mother,19.633333333333333,2.5759140424077556,13.243719542471123,2.8496062810374503
Lily,Mother,20.1,2.5809190984823656,13.318653105047044,3.662861337640503
Lily,Mother,20.466666666666665,2.5527379543259587,12.963895478351935,2.9510834531550025
Lily,Mother,20.9,2.5848437351339,13.362410414504357,2.8672139143743434
Lily,Mother,21.4,2.623383921458397,13.948494546462877,2.9046345504713647
Lily,Mother,21.833333333333332,2.5512871451355053,12.918394841561613,3.051258900804383
Lily,Mother,22.3,2.554881898138885,13.00160460046511,2.854995537321478
Lily,Mother,22.733333333333334,2.5561699711604358,12.992213437485097,2.7304179484483395
Lily,Mother,23.233333333333334,2.5729279958351876,13.223437838811344,2.828471743210578
Lily,Mother,23.866666666666667,2.5828630360109464,13.382708405054595,3.024559570742505
Lily,Mother,24.133333333333333,2.5428983609369196,12.823572402969752,2.562117340130796
Lily,Mother,24.366666666666667,2.547915418418542,12.88834679771038,2.9043332146465937
Lily,Mother,24.766666666666666,2.58978272859338,13.471712292082309,2.6396010756630113
Lily,Mother,25.033333333333335,2.585384090020004,13.445897651488432,2.7835821630901463
Lily,Mother,25.266666666666666,2.573725102212694,13.291803381201216,2.7681782166163127
Lily,Mother,25.5,2.6041601504558085,13.676556389568145,2.644683883686156
Lily,Mother,25.766666666666666,2.5929779455131565,13.549157836251423,2.9112240221784815
Lily,Mother,26.033333333333335,2.567854275306066,13.191620783306814,2.651199232749265
Lily,Mother,26.5,2.607826335350451,13.72980448648495,2.7261096582771343
Lily,Mother,26.9,2.567767002290338,13.189877838073953,2.708518909544666
Lily,Mother,27.166666666666668,2.5704906130366014,13.234226349552054,2.888146739376328
Lily,Mother,27.566666666666666,2.567191760569687,13.189475715796954,2.858137981030951
Lily,Mother,28.066666666666666,2.5551445836370643,13.034901290852618,2.618870982690291
Lily,Mother,28.3,2.548144151921511,12.924013803837772,2.5780001244602633
Lily,Mother,28.533333333333335,2.5888494291204087,13.427224402741116,2.823903554297508
Lily,Mother,28.933333333333334,2.5425247469613717,12.876335028941043,3.1085136751795925
Lily,Mother,29.2,2.2191819521967924,9.838560406352647,3.321814694884103
Lily,Mother,29.6,2.5763893255691257,13.275323950951055,2.7577906666188854
Lily,Mother,29.866666666666667,2.5994672773397136,13.649364255198542,2.6493256251142014
Lily,Mother,30.133333333333333,2.5545584408488184,13.004102711349296,2.7148277876863602
Lily,Mother,30.4,2.5704772516352232,13.371622196269465,3.437299595748792
Lily,Mother,30.6,2.5881389723464907,13.412207359574882,3.291535182903878
Lily,Mother,30.766666666666666,2.5462490518387377,12.866256501923727,2.6172165104964518
Lily,Mother,31.0,2.5494829660190286,12.949103299472412,3.431807559574028
Lily,Mother,31.033333333333335,2.5640421989306095,13.110097228425513,2.704105808928206
Lily,Mother,31.533333333333335,2.4381543202090348,11.611967348960368,3.1256946942866493
Lily,Mother,31.7,2.382063657713578,10.996307149648743,3.086270758745738
Lily,Mother,31.933333333333334,2.491177984035998,12.211760856668386,2.7089393286294836
Lily,Mother,32.2,2.6010753942531335,13.627038755123648,3.1519035186255664
Lily,Mother,32.43333333333333,2.573012615757427,13.264475732142046,3.1570104705419575
Lily,Mother,32.63333333333333,2.61992311992763,13.877226497464854,2.6658478717745084
Lily,Mother,33.13333333333333,2.5596827877644808,13.069951701525554,2.910596978070209
Lily,Mother,33.3,2.6055647724508817,13.692595032810877,2.994075625818947
Lily,Mother,33.6,2.5993121411054187,13.575086037318078,3.1280918554495307
Lily,Mother,33.766666666666666,2.64867985162494,14.269257221734133,2.704587966956817
Lily,Mother,34.266666666666666,2.5776390893615946,13.287870462001548,2.9250977698903884
Lily,Mother,34.833333333333336,2.5383760081970785,12.807487771686354,2.8865853137388005
Lily,Mother,34.93333333333333,2.5514109318072977,12.941513829450162,3.083776827153748
Lily,Mother,35.2,2.5614848630181672,13.06684006998161,2.951387804346379
Lily,Mother,35.833333333333336,2.6122184164871443,13.790624034507873,3.0822763131154294
Lily,Mother,36.1,2.6669256878857635,14.515866711354429,2.924728071070596
Lily,Mother,36.333333333333336,2.7219562379199287,15.38858101601652,3.2339644118359216
Lily,Mother,36.833333333333336,2.6629373050610954,14.543533494528843,3.096723268447666
Lily,Mother,37.0,2.6165613972056994,13.847762369134635,3.0637845290790904
Lily,Mother,37.7,2.6756754498214494,14.697630381023293,3.096614193248186
Lily,Mother,38.6,2.647742496419836,14.271423488734433,3.1065780916920414
Lily,Mother,39.766666666666666,2.6718540303191247,14.659540447677053,3.0650430895083134
Lily,Mother,40.666666666666664,2.663953934332264,14.56014212642912,3.3369398679116835
Lily,Mother,41.93333333333333,2.587473019913586,13.455092531813062,3.134631042283545
Lily,Mother,43.833333333333336,2.621629836195606,13.924954911854504,2.741753030631502
Lily,Mother,44.766666666666666,2.5165330388016933,12.501420031578153,3.279128535336651
Lily,Mother,45.9,2.6372408932116005,14.144039800660996,2.875593870799308
Lily,Mother,46.833333333333336,2.6072128336708826,13.73433717295084,3.1247398196039975
Lily,Mother,48.06666666666667,2.5831653253757656,13.393133178047364,2.774046511198005
Lily,Target_Child,13.066666666666666,2.662652868620107,14.44904009551566,5.468969974719303
Lily,Target_Child,13.566666666666666,2.6526492190361024,14.432963544059392,5.315041064349088
Lily,Target_Child,14.066666666666666,2.6727995828236684,14.716338509625437,5.28396200307525
Lily,Target_Child,14.433333333333334,2.676570896616953,14.742056265659116,5.368219816756105
Lily,Target_Child,14.933333333333334,2.6226617976939877,13.868047140893669,5.327158854660375
Lily,Target_Child,15.433333333333334,2.646752413300907,14.231539650314756,5.30776104590472
Lily,Target_Child,15.766666666666667,2.671595852591775,14.59680439527817,5.227255919196389
Lily,Target_Child,15.866666666666667,2.637854852812077,14.098382186567132,5.614804988469535
Lily,Target_Child,16.766666666666666,2.664099296837142,14.444572967908995,5.195547949184071
Lily,Target_Child,17.266666666666666,2.6586752216750327,14.461022501235503,5.040319208705097
Lily,Target_Child,17.7,2.7398235179200956,15.618311041211303,5.313580958149101
Lily,Target_Child,18.366666666666667,2.7013404350250196,15.033437029200426,5.542523646966005
Lily,Target_Child,18.6,2.7312797956299364,15.474832970059227,4.909772297373989
Lily,Target_Child,19.033333333333335,2.755214066994496,15.844260963500131,4.989366693985768
Lily,Target_Child,19.633333333333333,2.6850508917932925,14.767726258230748,6.112631241214714
Lily,Target_Child,20.1,2.7074956827136982,15.135115049927247,6.394549765172793
Lily,Target_Child,20.466666666666665,2.7281233577242485,15.431359940162046,4.386449391336927
Lily,Target_Child,20.9,2.70628619274037,15.082161792569691,4.1520086550872595
Lily,Target_Child,21.4,2.71613419514436,15.232096538261333,4.761288104722133
Lily,Target_Child,21.833333333333332,2.6659056492623567,14.475079170958725,5.193408001365
Lily,Target_Child,22.3,2.710739011078878,15.194514749653614,4.602525931947372
Lily,Target_Child,22.733333333333334,2.6657187180712043,14.48741085050022,4.58119159006659
Lily,Target_Child,23.233333333333334,2.7135272911616735,15.229279586982427,3.685261010555994
Lily,Target_Child,23.866666666666667,2.715682601180312,15.265810260206312,3.770256857166376
Lily,Target_Child,24.133333333333333,2.6540549221278735,14.330665360543193,4.428817749773182
Lily,Target_Child,24.366666666666667,2.6588567908929317,14.372068489782567,4.710604438489797
Lily,Target_Child,24.766666666666666,2.7307382620712546,15.535859049016162,3.547028843392717
Lily,Target_Child,25.033333333333335,2.722327958792448,15.362533862694452,3.780276246368885
Lily,Target_Child,25.266666666666666,2.7220622525337808,15.400764693411977,3.767814878482144
Lily,Target_Child,25.5,2.7496443523462943,15.777024163571602,3.7025031804455524
Lily,Target_Child,25.766666666666666,2.7130158259676027,15.242688513294473,3.7609031190447157
Lily,Target_Child,26.033333333333335,2.730911136877657,15.487037645812284,3.5772408809926777
Lily,Target_Child,26.5,2.733140094755606,15.57601875710304,3.5261768734620933
Lily,Target_Child,26.9,2.716159070872228,15.274352779315851,3.202038468436644
Lily,Target_Child,27.166666666666668,2.6881587284739754,14.906491167740922,3.4816797878394348
Lily,Target_Child,27.566666666666666,2.714013931344584,15.250283329928752,3.4138014539827073
Lily,Target_Child,28.066666666666666,2.715370550701514,15.28099581247349,3.052161546267243
Lily,Target_Child,28.3,2.7374925003116855,15.602482716799432,3.1316400111331872
Lily,Target_Child,28.533333333333335,2.676252245903015,14.642659272442229,3.4163994001129927
Lily,Target_Child,28.933333333333334,2.617768491417301,13.905041956640137,4.368222895697875
Lily,Target_Child,29.2,2.3980487123076357,11.403632192338964,4.432941831620653
Lily,Target_Child,29.6,2.644628733222248,14.260413370069852,3.8833119144216615
Lily,Target_Child,29.866666666666667,2.6808775140018,14.693223150772987,3.6311183705885557
Lily,Target_Child,30.133333333333333,2.699394386145616,15.01174821162465,4.048739343797181
Lily,Target_Child,30.4,2.6910166900698878,14.928524691843082,4.2763210695330836
Lily,Target_Child,30.6,2.6860104815271875,14.813682145226975,4.93161820885319
Lily,Target_Child,30.766666666666666,2.680836299211362,14.72068660304309,3.2824423133636533
Lily,Target_Child,31.0,2.659996179728981,14.43702662196705,3.9306180403635267
Lily,Target_Child,31.033333333333335,2.6783540552234992,14.720029080908033,3.854429850014307
Lily,Target_Child,31.533333333333335,2.5284003147565985,12.660442421355485,3.390310985158639
Lily,Target_Child,31.7,2.348177033188069,10.603730044938768,5.536944641476184
Lily,Target_Child,31.933333333333334,2.566072509275468,13.15802331462867,3.6965915237725113
Lily,Target_Child,32.2,2.671544208906699,14.628660564411089,4.06581148231663
Lily,Target_Child,32.43333333333333,2.679703116416931,14.732868945146539,3.590314833890824
Lily,Target_Child,32.63333333333333,2.6892523919765035,14.85639625313358,3.94248947753242
Lily,Target_Child,33.13333333333333,2.697434245623075,15.018887393148452,3.9705029035225894
Lily,Target_Child,33.3,2.7352281844261848,15.52508193292664,3.7147500343842084
Lily,Target_Child,33.6,2.7272017211527437,15.426969280362577,5.688487831805205
Lily,Target_Child,33.766666666666666,2.7252808566353903,15.507134462427166,3.9711000363365945
Lily,Target_Child,34.266666666666666,2.7156566316708206,15.230142799734404,3.2069063578931667
Lily,Target_Child,34.833333333333336,2.6454583994820395,14.212765563413317,3.972082062852229
Lily,Target_Child,34.93333333333333,2.6842995105205,14.839247025193982,3.6784012510969832
Lily,Target_Child,35.2,2.648191388803549,14.257918098088503,4.003317707262862
Lily,Target_Child,35.833333333333336,2.73793528422542,15.618998357736501,3.4071916788473895
Lily,Target_Child,36.1,2.7578587367389744,15.985847269548657,3.6518738819749315
Lily,Target_Child,36.333333333333336,2.812911201324036,16.84534950428562,3.53000324497472
Lily,Target_Child,36.833333333333336,2.7751369648509554,16.208932232973076,3.7493522309594685
Lily,Target_Child,37.0,2.7930374617377915,16.487481292749383,3.463792146804432
Lily,Target_Child,37.7,2.7866488125013267,16.4563857205349,3.4976287199103315
Lily,Target_Child,38.6,2.778970259025423,16.251028854941243,3.8591677847961225
Lily,Target_Child,39.766666666666666,2.7845405901321256,16.32986062166944,3.6663792422323516
Lily,Target_Child,40.666666666666664,2.7690841706899496,16.107136786746263,4.031402543645639
Lily,Target_Child,41.93333333333333,2.717255950098756,15.373480938492621,3.4768192877829325
Lily,Target_Child,43.833333333333336,2.70593891598648,15.212622822514762,3.8271957017198392
Lily,Target_Child,44.766666666666666,2.5786375659099523,13.404389851078324,3.9280168564423272
Lily,Target_Child,45.9,2.7269886137364985,15.414324894873271,4.285710918510353
Lily,Target_Child,46.833333333333336,2.728138310746997,15.421904058850082,3.903855783465021
Lily,Target_Child,48.06666666666667,2.7325839724871193,15.525001910740425,4.468868609702233
Naima,Mother,11.866666666666667,2.6766599859866798,14.733315785698567,2.9988687801943605
Naima,Mother,12.466666666666667,2.5533826539071938,13.000850966715053,3.0454487274258826
Naima,Mother,12.866666666666667,2.620556900208009,14.029849440221119,2.874524697741085
Naima,Mother,13.366666666666667,2.501761036102588,12.601090879566986,2.9069599558756902
Naima,Mother,13.8,2.4443435512995246,12.016372815965495,3.012810987273764
Naima,Mother,14.233333333333333,2.634633286050492,14.219242987290972,2.8709028494870004
Naima,Mother,14.7,2.6503976894521166,14.504943412483751,2.6873963468376245
Naima,Mother,15.233333333333333,2.64747727228206,14.411677240749517,3.0494663439822616
Naima,Mother,15.4,2.6837764094698238,14.913293172550205,2.7858371814304497
Naima,Mother,15.833333333333334,2.6451639424576916,14.282807807374345,2.7256217054519123
Naima,Mother,16.1,2.6290705130971497,14.099573407695011,2.606572779315306
Naima,Mother,16.333333333333332,2.628409366695969,14.075673114265335,2.728726464730722
Naima,Mother,16.533333333333335,2.613132378258313,13.820359769228702,2.9446481391973327
Naima,Mother,16.766666666666666,2.6068505847547936,13.899058015737685,2.770211029052734
Naima,Mother,17.066666666666666,2.637828640534844,14.151507178619363,2.7779826994792955
Naima,Mother,17.366666666666667,2.6176916090801696,13.89878474785068,2.79411116888608
Naima,Mother,17.8,2.627232404199022,13.983408443619776,2.698734414036917
Naima,Mother,18.133333333333333,2.6402351237095925,14.207019781106844,2.665662175613633
Naima,Mother,18.3,2.6230184521584206,13.946680533061947,2.890567915898262
Naima,Mother,18.666666666666668,2.619054890069805,13.944700984735585,2.8729974710550463
Naima,Mother,19.0,2.606242734148215,13.772502259422792,2.6620182375607024
Naima,Mother,19.333333333333332,2.611571293996503,13.846554692775259,2.7762008348992917
Naima,Mother,19.566666666666666,2.5645938150956584,13.569686302520829,2.7578593500715116
Naima,Mother,19.766666666666666,2.630378404625675,14.10360673869826,2.898396286629794
Naima,Mother,20.033333333333335,2.6006407990847547,13.62887585674654,2.7173418798675275
Naima,Mother,20.266666666666666,2.5977190998987965,13.726134914011585,2.8348821942640114
Naima,Mother,20.6,2.5723890695091964,13.313154615409722,2.600477915305596
Naima,Mother,20.7,2.60851268503401,13.726683964242499,2.8013673989309207
Naima,Mother,21.266666666666666,2.5711577677518975,13.53054361270042,2.835119071349599
Naima,Mother,21.333333333333332,2.5735024409770966,13.291351063132213,2.77489662361145
Naima,Mother,21.5,2.588777406943892,13.455045891263348,2.780581948647439
Naima,Mother,21.7,2.529097584250987,13.102590931836945,2.834967653711731
Naima,Mother,21.833333333333332,2.6061508282799286,13.732812027819707,3.025968372821808
Naima,Mother,22.166666666666668,2.5511614547500128,13.461105352650527,2.7896868081032475
Naima,Mother,22.4,2.6011904256660388,13.68900416241748,2.728027136480741
Naima,Mother,22.6,2.6323125075690355,14.052126683894226,2.401326994352703
Naima,Mother,22.9,2.602902915697456,13.805428555286229,2.7926714027700976
Naima,Mother,23.233333333333334,2.598514372096473,13.694437619475284,2.55338241587152
Naima,Mother,23.533333333333335,2.6635258131187056,14.486806838500927,3.179980409211953
Naima,Mother,23.733333333333334,2.622797604595128,13.936947644464212,2.6249229802137704
Naima,Mother,23.866666666666667,2.586498771660541,13.516659213938981,2.9183181990209093
Naima,Mother,24.133333333333333,2.5993196016924394,13.650373558856453,2.506524392084223
Naima,Mother,24.4,2.5680289232001012,13.292176607563635,3.0676043280938856
Naima,Mother,24.566666666666666,2.5375790291492195,13.16133814032593,2.6808754603068032
Naima,Mother,25.0,2.6551349900194987,14.332479329985825,2.7761888855321395
Naima,Mother,25.333333333333332,2.6043543952710806,13.733958353822485,2.5750903625769808
Naima,Mother,25.533333333333335,2.589840050598176,13.604934447888109,3.1280265014246615
Naima,Mother,25.8,2.6990220028318856,15.141747066625669,2.6023293639484204
Naima,Mother,26.066666666666666,2.5600862735975722,13.308982002723283,2.8466610437882447
Naima,Mother,26.366666666666667,2.674462771865557,14.636526945183169,2.781739555664782
Naima,Mother,26.566666666666666,2.612501244075963,13.760539638321207,2.783564571474419
Naima,Mother,27.2,2.681933200720585,14.805454361638656,2.495389932333821
Naima,Mother,27.533333333333335,2.6121902151240244,13.846923473335952,2.6507106800046234
Naima,Mother,27.8,2.619631228328064,14.072656193072495,2.661798705891987
Naima,Mother,28.366666666666667,2.631932377305805,14.041762563490389,2.862128788589412
Naima,Mother,28.533333333333335,2.5910098552703857,13.662742454144976,2.840984163051698
Naima,Mother,28.8,2.622258606969434,13.984972984638508,2.9420523016768345
Naima,Mother,28.9,2.581145871819587,13.552851080722965,2.6329377944950716
Naima,Mother,29.233333333333334,2.6173834003003917,13.89034274226115,2.942753619717476
Naima,Mother,29.466666666666665,2.6157406999404174,13.823804154824696,2.965764636375818
Naima,Mother,29.5,2.569361459625804,13.393136655109943,3.0402846627909206
Naima,Mother,29.566666666666666,2.5586726790086107,13.06203396872698,2.9352008053356
Naima,Mother,29.6,2.589884524626407,13.51242764352481,2.992770724314133
Naima,Mother,29.633333333333333,2.5734145215121647,13.414535939092062,3.1583675918399647
Naima,Mother,29.9,2.48157596531691,12.6961612778748,3.0212857334902794
Naima,Mother,30.366666666666667,2.5531165069149386,13.109255935212458,2.6476969598441995
Naima,Mother,30.833333333333332,2.585045711947726,13.512208444410646,3.0425983613187615
Naima,Mother,31.1,2.514148669445823,13.034654867863594,2.83285727197754
Naima,Mother,31.433333333333334,2.5773220958362137,13.375843437529111,2.917702449209869
Naima,Mother,31.666666666666668,2.6030259106515183,13.727271846889074,2.970672345616751
Naima,Mother,31.9,2.5542195594905057,13.046344768753054,2.7262851167634086
Naima,Mother,32.36666666666667,2.5747045126129833,13.708911258905784,2.8594412855695537
Naima,Mother,32.63333333333333,2.593821191674725,13.610446848273304,2.909437621374266
Naima,Mother,33.56666666666667,2.5478819845832725,13.328573285026815,3.2376326659512915
Naima,Mother,33.766666666666666,2.55318162702143,12.992814851174215,2.908338834683354
Naima,Mother,34.03333333333333,2.653840620924787,14.386034251555243,2.789199643018769
Naima,Mother,34.266666666666666,2.581036489737067,13.537012965257993,2.6600435691623634
Naima,Mother,34.6,2.5907929392779514,13.627698051656957,2.8818643467959872
Naima,Mother,34.9,2.596630203227202,13.67417901358218,2.886055748909712
Naima,Mother,35.46666666666667,2.622628256759128,13.957019438417225,2.9655583897152464
Naima,Mother,35.766666666666666,2.545390145003217,13.224743375421212,2.88983468986252
Naima,Mother,36.0,2.5823408294432233,13.462627180919695,2.880790882181413
Naima,Mother,37.03333333333333,2.5886896777312876,13.53261765086065,3.1401650994673544
Naima,Mother,38.63333333333333,2.6146863890266836,13.93537852087354,2.9267078765615104
Naima,Mother,39.833333333333336,2.621383068456111,13.97980946852629,3.1774570288763586
Naima,Mother,42.766666666666666,2.5932548589045457,13.585345175054123,2.7864673730170373
Naima,Mother,46.333333333333336,2.598959521894102,13.631889534542157,3.260602071991673
Naima,Target_Child,11.866666666666667,2.6701877905381104,14.814356722992791,4.460707484729706
Naima,Target_Child,12.466666666666667,2.635293333242971,14.066203664015294,4.383950754260341
Naima,Target_Child,12.866666666666667,2.721756121606538,15.424675120673284,4.347518121834957
Naima,Target_Child,13.366666666666667,2.5773746521384626,13.628633590985975,4.485327358599062
Naima,Target_Child,13.8,2.5089927194187944,12.695446808419698,4.178536979897508
Naima,Target_Child,14.233333333333333,2.6527147558000355,14.738500022300688,3.860732113873517
Naima,Target_Child,14.7,2.731070743727794,15.525994051955776,3.999013750234507
Naima,Target_Child,15.233333333333333,2.708189017286426,15.329602058865817,4.74927379739912
Naima,Target_Child,15.4,2.751913039175956,15.849246121104057,4.08617051979443
Naima,Target_Child,15.833333333333334,2.682528547061387,14.83008490989693,4.072097306610436
Naima,Target_Child,16.1,2.695958249270916,15.031002539153448,3.632780144736171
Naima,Target_Child,16.333333333333332,2.6839782315702103,14.826125704280292,3.547493397237394
Naima,Target_Child,16.533333333333335,2.678853508040839,14.671125237686308,4.389901235876347
Naima,Target_Child,16.766666666666666,2.661226118604342,14.554552345445975,3.657168989380201
Naima,Target_Child,17.066666666666666,2.691598970610816,14.919784216687258,3.8474866194767996
Naima,Target_Child,17.366666666666667,2.6514577372868855,14.346286672223242,3.9326723835203383
Naima,Target_Child,17.8,2.643733328713311,14.21979972780069,4.729246247609456
Naima,Target_Child,18.133333333333333,2.6895328179001807,14.873514921728974,4.35723033875227
Naima,Target_Child,18.3,2.6841463715091307,14.812026995888088,4.348873355233298
Naima,Target_Child,18.666666666666668,2.7036487701016543,15.076599312390808,3.8598999607879505
Naima,Target_Child,19.0,2.6669187928404647,14.569731900266499,3.605591163001097
Naima,Target_Child,19.333333333333332,2.6713241472022946,14.715075563292201,3.8692214317965608
Naima,Target_Child,19.566666666666666,2.654636704312858,14.581769148986238,3.7082345607460185
Naima,Target_Child,19.766666666666666,2.702902018672591,15.13710436029603,4.593174418906566
Naima,Target_Child,20.033333333333335,2.6543879620905773,14.345692693615138,3.819577371290592
Naima,Target_Child,20.266666666666666,2.6509476022371734,14.425662424099603,4.108759633243551
Naima,Target_Child,20.6,2.6349858186534934,14.100520924642186,3.7000651005152108
Naima,Target_Child,20.7,2.6823705466354593,14.805475671875605,3.553643543930615
Naima,Target_Child,21.266666666666666,2.6458856103147967,14.439038601027152,5.257071021207529
Naima,Target_Child,21.333333333333332,2.634482927127571,14.183050065662329,4.714614655257199
Naima,Target_Child,21.5,2.6703450226202246,14.55140681138178,4.046500153657867
Naima,Target_Child,21.7,2.6518609991762787,14.549239606831087,3.672942826213936
Naima,Target_Child,21.833333333333332,2.687908874785347,14.857582737326535,3.6238530122278108
Naima,Target_Child,22.166666666666668,2.671836602935451,14.6943876290556,3.2927273214747714
Naima,Target_Child,22.4,2.70083801429796,15.031145915907945,4.60231435224723
Naima,Target_Child,22.6,2.6717261390037645,14.642266645839895,3.423294144379181
Naima,Target_Child,22.9,2.6606837100921337,14.53280811373138,4.782981099423105
Naima,Target_Child,23.233333333333334,2.6704200387417854,14.656052048173212,3.423840001746491
Naima,Target_Child,23.533333333333335,2.622997801695297,14.013464973749745,4.3300553079861315
Naima,Target_Child,23.733333333333334,2.6456869856103675,14.234494589692527,3.5829957857792514
Naima,Target_Child,23.866666666666667,2.6270638674065685,13.995948499175373,4.24182570239772
Naima,Target_Child,24.133333333333333,2.6618123061795482,14.670892557191415,3.3318637376166995
Naima,Target_Child,24.4,2.6375060121552285,14.253939829180046,4.536883478405095
Naima,Target_Child,24.566666666666666,2.601415856819321,13.90313276470754,3.437623287612646
Naima,Target_Child,25.0,2.705741911806086,15.05912610755285,3.683534855804136
Naima,Target_Child,25.333333333333332,2.6621532146181903,14.60479547967831,3.5105749171133906
Naima,Target_Child,25.533333333333335,2.6709624308310524,14.61938229614632,4.6066020407448685
Naima,Target_Child,25.8,2.623075869880192,14.537472013558133,2.720345838699934
Naima,Target_Child,26.066666666666666,2.6754542644400345,14.703660027352424,3.695422019707529
Naima,Target_Child,26.366666666666667,2.697679746204911,14.96685233731062,3.6016331862540265
Naima,Target_Child,26.566666666666666,2.6738671167397206,14.59851274607077,3.228325477720779
Naima,Target_Child,27.2,2.652196031119955,14.47341901657663,3.032335501220358
Naima,Target_Child,27.533333333333335,2.6701823061730665,14.63198922897964,4.010666139261171
Naima,Target_Child,27.8,2.6779312359633844,14.82592059052192,3.203303117297484
Naima,Target_Child,28.366666666666667,2.6858672850364744,14.87801044745675,4.4718777356487465
Naima,Target_Child,28.533333333333335,2.6115907039162676,14.000233890569008,3.3015197148689857
Naima,Target_Child,28.8,2.6948016448454424,14.953634593223448,4.115066645207343
Naima,Target_Child,28.9,2.630191438964435,14.192735268007729,3.3460627083267482
Naima,Target_Child,29.233333333333334,2.6766985989863574,14.670159211002595,4.409532785415649
Naima,Target_Child,29.466666666666665,2.6615279688209785,14.528310560597413,3.670501691070411
Naima,Target_Child,29.5,2.6618164079474784,14.490818641727426,4.046325632669394
Naima,Target_Child,29.566666666666666,2.6483444787304977,14.268724386177915,3.7490774214952842
Naima,Target_Child,29.6,2.672992079327795,14.634546903706303,4.026413446190966
Naima,Target_Child,29.633333333333333,2.6698535821689204,14.65352459442328,4.064841373469502
Naima,Target_Child,29.9,2.568409260323173,13.786821717941773,5.1551630174904535
Naima,Target_Child,30.366666666666667,2.633841653970572,14.226164553601043,3.704433737657009
Naima,Target_Child,30.833333333333332,2.601820351278528,13.891552177851429,5.1509684967867875
Naima,Target_Child,31.1,2.6318874964760046,14.117241637870542,3.3921362368623544
Naima,Target_Child,31.433333333333334,2.607588612666497,13.877259830023467,3.8630497888418343
Naima,Target_Child,31.666666666666668,2.668257670708928,14.592340311815573,4.43573468660255
Naima,Target_Child,31.9,2.6551379249646114,14.441180467559349,3.8375286226089185
Naima,Target_Child,32.36666666666667,2.6589571321056975,14.657959326722933,4.16249034840773
Naima,Target_Child,32.63333333333333,2.674679234292772,14.66092156424414,4.4558024472660485
Naima,Target_Child,33.56666666666667,2.625193087469547,14.257700187910515,4.252133206216567
Naima,Target_Child,33.766666666666666,2.6316374764761203,14.037572132663534,4.269222723673343
Naima,Target_Child,34.03333333333333,2.653407052545795,14.450832181516851,3.9359121243617032
Naima,Target_Child,34.266666666666666,2.561311063094017,13.595949706576041,3.533181829075528
Naima,Target_Child,34.6,2.609932721744884,14.052534094626305,4.097841478942277
Naima,Target_Child,34.9,2.611777764161428,14.02689565387982,3.3790075862407685
Naima,Target_Child,35.46666666666667,2.634597278621099,14.10127916478166,2.954907042522953
Naima,Target_Child,35.766666666666666,2.581995633235456,13.72441164627834,3.383377663994995
Naima,Target_Child,36.0,2.6695884869132245,14.612098015154746,3.7086466142269368
Naima,Target_Child,37.03333333333333,2.6689789263989914,14.615962549015906,4.153866991946835
Naima,Target_Child,38.63333333333333,2.6169725032659037,13.999039142408064,3.230781072082742
Naima,Target_Child,39.833333333333336,2.6869635295346788,14.834137622734714,3.0853845639958406
Naima,Target_Child,42.766666666666666,2.6321358740505567,14.058848152912327,3.5965060980270747
Naima,Target_Child,46.333333333333336,2.6441885147775923,14.274065046270211,3.2562300820334427
Violet,Mother,14.0,2.499151880988914,12.717036455219414,3.051690290818054
Violet,Mother,14.466666666666667,2.5482046850906905,13.268941217784473,2.745431451387303
Violet,Mother,15.3,2.5494562237892513,13.499915933342807,2.88621409254254
Violet,Mother,15.866666666666667,2.60705020178396,13.792736912812131,2.838485474483325
Violet,Mother,16.233333333333334,2.583354638988564,13.788907421570308,2.8516011909276497
Violet,Mother,16.666666666666668,2.60453324469309,13.677106888278063,3.121463783473925
Violet,Mother,17.1,2.5806475492613496,13.396604201105038,3.576503384279264
Violet,Mother,17.666666666666668,2.5986306854656767,13.653915760564951,3.743884959604059
Violet,Mother,18.1,2.577473981186044,13.397276920017443,3.3791484546252075
Violet,Mother,18.6,2.544921396195692,13.306949261388548,2.5782916384561623
Violet,Mother,19.133333333333333,2.556016422749811,13.006933007216666,3.1788836611780114
Violet,Mother,19.733333333333334,2.5016489244740585,12.707299160644263,3.1900407556513577
Violet,Mother,20.166666666666668,2.5153658862487513,12.764124439148546,3.248286446942712
Violet,Mother,20.733333333333334,2.5888489786032083,13.690029375872262,3.2191661296664056
Violet,Mother,21.233333333333334,2.6235693016567745,13.994359694288681,3.3395933319587967
Violet,Mother,21.833333333333332,2.6600635326825657,14.474413839328431,3.2833541608773746
Violet,Mother,22.4,2.563108998159819,13.302906157163584,3.387384336507773
Violet,Mother,22.9,2.5536606448786765,12.964471230575267,3.170627156213327
Violet,Mother,23.5,2.546058560186817,12.874263562308775,3.0907590654588515
Violet,Mother,23.933333333333334,2.5370548545666365,12.815201596693965,3.3570187383371852
Violet,Mother,24.433333333333334,2.5633454001697666,13.130801703303453,3.3871732180408887
Violet,Mother,24.9,2.6092846928735267,13.812798793262743,3.0356546533366107
Violet,Mother,25.333333333333332,2.5542075051606155,12.976526453884293,3.157258850017577
Violet,Mother,25.633333333333333,2.5690653495514355,13.20262954688691,3.266211407253156
Violet,Mother,26.366666666666667,2.56153443888122,13.126749382672536,3.6846521559883567
Violet,Mother,27.166666666666668,2.650556226757085,14.423606150781447,3.3062065706074795
Violet,Mother,27.4,2.5198753413206303,12.52830089854652,3.24560474831125
Violet,Mother,27.633333333333333,2.561010161629113,13.091046567504177,3.2757550398711963
Violet,Mother,29.033333333333335,2.5820952874141923,13.357880766383076,3.0254616294919576
Violet,Mother,29.5,2.548677869280247,12.890669471101955,3.069594231242842
Violet,Mother,29.9,2.5964345778791134,13.637916316341817,2.9202059036511985
Violet,Mother,30.533333333333335,2.5094199511112194,12.756836835060996,3.07028015360448
Violet,Mother,30.9,2.5953323884921917,13.523874372622913,2.8282631254371475
Violet,Mother,31.233333333333334,2.5552834242990574,13.079963654000283,2.927765933781454
Violet,Mother,31.8,2.5632647534526845,13.103679864730342,2.9569133233141014
Violet,Mother,32.233333333333334,2.5884978579300824,13.45282517531396,2.9106380835627066
Violet,Mother,32.63333333333333,2.5998084123181826,13.61361172377037,3.105162047218568
Violet,Mother,33.266666666666666,2.570434654433772,13.416389539907874,3.1211906383622368
Violet,Mother,34.06666666666667,2.493908629697912,12.264208076850492,3.3103922337396745
Violet,Mother,34.53333333333333,2.6171225850589197,13.839137219662218,2.8755079391094625
Violet,Mother,34.93333333333333,2.587091161994173,13.438985494831968,2.888842638401564
Violet,Mother,35.86666666666667,2.578279331604146,13.389153703188626,2.810301281280399
Violet,Mother,37.63333333333333,2.5855191890767077,13.393696462872631,3.1759310210777434
Violet,Mother,40.0,2.6103976677902696,13.747914798767635,3.0381514056883856
Violet,Mother,40.8,2.5743144827571425,13.241545954774287,2.7964586841290324
Violet,Mother,42.0,2.548613904144964,12.89239561614782,2.961818587995319
Violet,Mother,42.7,2.5369222036266694,12.734163893391571,3.232730421069938
Violet,Mother,43.733333333333334,2.5319712352752686,12.766298953264018,3.418542661137051
Violet,Mother,44.766666666666666,2.5510520330695217,12.993532364091354,2.8106538520302884
Violet,Mother,46.6,2.5261479630213395,12.794735845111877,2.9504636762920855
Violet,Mother,47.8,2.518217394659827,12.53983400100062,3.0219937169158064
Violet,Target_Child,14.0,2.5041484463063974,13.676939035780505,7.235782867745508
Violet,Target_Child,14.466666666666667,2.614112645746714,14.35032895476478,5.412165443581271
Violet,Target_Child,15.3,2.6967482514403485,15.729349670311422,5.044117071010448
Violet,Target_Child,15.866666666666667,2.671457583437095,14.947152780997262,5.276631782183776
Violet,Target_Child,16.233333333333334,2.6524156139742945,14.895329846971979,4.97073108150113
Violet,Target_Child,16.666666666666668,2.690082956004787,14.866683667095513,6.229494030411179
Violet,Target_Child,17.1,2.6784051484075087,14.675754336448904,7.077191514804445
Violet,Target_Child,17.666666666666668,2.683859471182466,14.840040979145607,9.537804543709441
Violet,Target_Child,18.1,2.6099232892195383,13.90405084573733,9.907595796055265
Violet,Target_Child,18.6,2.733601991335551,15.592208193198411,4.540937468740675
Violet,Target_Child,19.133333333333333,2.701150723014559,15.024888309286277,5.57385704261916
Violet,Target_Child,19.733333333333334,2.677777453609135,14.774563618899231,4.989204138085462
Violet,Target_Child,20.166666666666668,2.7471391878266265,15.800240143217168,4.742893208628115
Violet,Target_Child,20.733333333333334,2.7468585877606038,15.964795532653268,5.208496377709206
Violet,Target_Child,21.233333333333334,2.7778393779910586,16.23978272831284,3.902901772433107
Violet,Target_Child,21.833333333333332,2.7454521500967384,15.693488127908324,5.372676280132801
Violet,Target_Child,22.4,2.6789293031320502,14.761946582032621,4.930255170409561
Violet,Target_Child,22.9,2.675785612342949,14.64842834731675,5.025181309621137
Violet,Target_Child,23.5,2.6901149234883053,14.87350148686529,5.103446515153818
Violet,Target_Child,23.933333333333334,2.6540875815031097,14.391624209751253,4.861100893321
Violet,Target_Child,24.433333333333334,2.6439945379649203,14.330204449244253,3.8870452646097524
Violet,Target_Child,24.9,2.684554228415856,14.81712949450629,3.9798178198111005
Violet,Target_Child,25.333333333333332,2.6455268328490495,14.21403452860075,3.892745447648236
Violet,Target_Child,25.633333333333333,2.6951601464030652,14.915192559282943,4.202491029323591
Violet,Target_Child,26.366666666666667,2.690662370955391,14.87038769740914,4.233342228056509
Violet,Target_Child,27.166666666666668,2.706809335759937,15.1397094566863,4.558381743495239
Violet,Target_Child,27.4,2.651007280793301,14.345594063500851,3.922256724778996
Violet,Target_Child,27.633333333333333,2.657001333577292,14.462175956109228,4.220563571793693
Violet,Target_Child,29.033333333333335,2.689783660883314,14.865896498043,3.892552316858527
Violet,Target_Child,29.5,2.6754725942708024,14.687060784384494,4.086338140747764
Violet,Target_Child,29.9,2.6656304732117637,14.544022604355158,3.914534318976028
Violet,Target_Child,30.533333333333335,2.6671924476623534,14.584239599176474,4.0194525604248055
Violet,Target_Child,30.9,2.6885127189258733,14.970503521454454,3.783749021589756
Violet,Target_Child,31.233333333333334,2.6492717715929137,14.389827168237202,3.739562299566449
Violet,Target_Child,31.8,2.6840160452453783,14.746283040034646,5.930578046004865
Violet,Target_Child,32.233333333333334,2.6654611367445726,14.498944697568302,4.744045150279999
Violet,Target_Child,32.63333333333333,2.720229655240489,15.376559258832774,4.721974946756278
Violet,Target_Child,33.266666666666666,2.6695520904329086,14.586816589107661,4.187228224343723
Violet,Target_Child,34.06666666666667,2.5506671210785052,13.097623059188573,4.6890437720896125
Violet,Target_Child,34.53333333333333,2.7744448414215674,16.214062999778566,5.3649188594503725
Violet,Target_Child,34.93333333333333,2.6989775728059295,15.078018665664228,3.75924557967474
Violet,Target_Child,35.86666666666667,2.5618652422493753,13.335563202631453,5.187699953897284
Violet,Target_Child,37.63333333333333,2.7067102144390756,15.087570672998423,4.6286360799991595
Violet,Target_Child,40.0,2.6306355700299546,14.271988273571887,6.632886510845778
Violet,Target_Child,40.8,2.690348112358237,14.884543903270089,4.389184543546641
Violet,Target_Child,42.0,2.62215339443455,13.98707368160875,5.342153448356342
Violet,Target_Child,42.7,2.6610680053263533,14.445830057202185,4.313693868525235
Violet,Target_Child,43.733333333333334,2.5990155467964673,13.749912776507696,5.040030261160622
Violet,Target_Child,44.766666666666666,2.7097607858209725,15.185593024810345,3.7612994413778007
Violet,Target_Child,46.6,2.5935995651810777,13.702599235265042,4.2136227476830586
Violet,Target_Child,47.8,2.579825847671273,13.506737763718668,5.131046271056272
William,Mother,16.4,2.636314915684429,14.320971658244066,3.039495113089278
William,Mother,16.9,2.5587909606786874,13.273054905126632,2.978394538806035
William,Mother,18.166666666666668,2.5886202668128386,13.528605328534463,2.8177546703867975
William,Mother,18.633333333333333,2.5532879665341244,13.087984598622779,2.8321699713892676
William,Mother,19.6,2.5701193718446627,13.435389264767824,2.768297627568245
William,Mother,20.066666666666666,2.5787379910419514,13.365986609571838,2.818222703871789
William,Mother,20.466666666666665,2.5882229195525315,13.471243497697396,2.979252413724432
William,Mother,20.966666666666665,2.4612099322634684,12.382789371080937,2.713950278473572
William,Mother,21.4,2.569191477208767,13.29508104405541,2.752117505613363
William,Mother,21.9,2.570505547576836,13.314277787543407,2.804533119436345
William,Mother,22.4,2.575115230652982,13.435723734298756,2.6868489441249066
William,Mother,23.0,2.507749437643536,12.83063227845032,2.8338469734479643
William,Mother,23.5,2.5641333044760914,13.397084848384317,2.9252164191406416
William,Mother,24.4,2.585403940812287,13.687112956885265,2.9566368649485355
William,Mother,24.933333333333334,2.48178147642236,12.542717649021327,2.8808273418953543
William,Mother,25.3,2.4900181541571746,12.383479300909944,2.6927641887922547
William,Mother,25.9,2.5684977512856513,13.402787291913583,2.887100544759922
William,Mother,26.3,2.5014862506761464,12.452709429772788,3.070725079851413
William,Mother,26.7,2.6136448133890937,13.757291111802791,3.315641203645952
William,Mother,27.233333333333334,2.6052856235306496,13.678913043752873,2.8710504557184606
William,Mother,27.633333333333333,2.632529556751251,14.084047214089637,2.853611302327334
William,Mother,28.1,2.586590274068333,13.441698683301164,2.930471231073341
William,Mother,28.533333333333335,2.6380407943158346,14.142745497309834,3.0501193627992085
William,Mother,29.0,2.6437065723614817,14.184549936618827,3.2101333355292296
William,Mother,29.533333333333335,2.5805743401115007,13.344069324154798,2.7453477998843065
William,Mother,29.966666666666665,2.5098358312457854,12.770833710176888,2.805642411353558
William,Mother,30.4,2.5975589359144933,13.770472320978707,2.8438970147070783
William,Mother,30.866666666666667,2.423984277851974,11.600119642250828,3.155863090708286
William,Mother,31.266666666666666,2.440590159317327,11.681695139174249,2.7207420260261674
William,Mother,31.866666666666667,2.5584641536869155,13.110995571642688,2.7655257920911707
William,Mother,32.266666666666666,2.5499135046391874,13.205977129530499,2.990412922324361
William,Mother,32.733333333333334,2.619281985820868,13.96670675866566,3.607530269867335
William,Mother,35.0,2.6269905406811516,14.234110400323164,3.1236543204578653
William,Mother,35.46666666666667,2.6028079823718047,13.66103593481234,2.6203226710929246
William,Mother,36.36666666666667,2.6034318260077773,13.818930969165894,2.891595734947029
William,Mother,36.93333333333333,2.614882567551284,13.885611006560309,2.6575031881838775
William,Mother,37.5,2.7001728333000625,15.05125949476839,3.0507544688880444
William,Mother,37.833333333333336,2.5818602348278676,13.618176478825161,2.921116942539811
William,Mother,38.7,2.6331320170845305,14.147403475562998,3.168534755972879
William,Mother,39.166666666666664,2.571899860774567,13.81661016063224,2.6694257887692228
William,Mother,39.833333333333336,2.7443843483924866,15.62270718824723,3.2532833367586136
William,Mother,40.6,2.6646224066268567,14.46511299007111,3.233619360036628
William,Target_Child,16.4,2.7103562843604165,15.21646217660415,5.604968272271703
William,Target_Child,16.9,2.697202073960077,14.961378802020473,5.636686991509937
William,Target_Child,18.166666666666668,2.6932021857459763,14.908810596354131,5.3283361778167135
William,Target_Child,18.633333333333333,2.6695992891815887,14.607453749486998,5.583301083794956
William,Target_Child,19.266666666666666,2.7283788428875644,15.45180343119673,5.049771177915879
William,Target_Child,19.6,2.697089285889933,15.099854659711063,3.7741124147226004
William,Target_Child,20.066666666666666,2.693655717514249,14.917360886960376,4.187531165219107
William,Target_Child,20.466666666666665,2.679787221944557,14.72237100196689,5.040575293999798
William,Target_Child,20.966666666666665,2.6878552072188433,14.845951508992266,5.712337028279025
William,Target_Child,21.4,2.7356646839115353,15.65376198258749,4.19606937917452
William,Target_Child,21.9,2.718645413834546,15.338141463481039,5.720590299597834
William,Target_Child,22.4,2.697888464434569,15.056802611592934,3.9763582677983527
William,Target_Child,23.0,2.698534401672146,15.034696176345156,5.150075034507643
William,Target_Child,23.5,2.7048786011091464,15.217110977187904,4.998869615755264
William,Target_Child,24.4,2.7351812320155697,15.602434028235061,4.982192553840317
William,Target_Child,24.933333333333334,2.644092894385381,14.338709790233274,5.386214374514764
William,Target_Child,25.3,2.6558699651676068,14.613318924438628,4.459979863727794
William,Target_Child,25.9,2.671725119983846,14.826809237729545,4.5029927475256555
William,Target_Child,26.3,2.640226713874761,14.30374776796071,4.453585775810129
William,Target_Child,26.7,2.6676534794992017,14.538791532593754,7.281876287152691
William,Target_Child,27.233333333333334,2.7327785304948393,15.487279975708098,3.998013778839236
William,Target_Child,27.633333333333333,2.700079055759014,14.985719355705383,4.51236197338285
William,Target_Child,28.1,2.704750267749137,15.082245477118683,3.7202691058529185
William,Target_Child,28.533333333333335,2.727078376145198,15.40020552265568,4.048716018939841
William,Target_Child,29.0,2.7111361382170496,15.159384853374496,3.827970175762848
William,Target_Child,29.533333333333335,2.713773601146525,15.191793628481278,3.8288114860082754
William,Target_Child,29.966666666666665,2.649664034831871,14.504327576099492,5.058171395537923
William,Target_Child,30.4,2.729546239403238,15.687355333662884,4.0302276370192525
William,Target_Child,30.866666666666667,2.5685725014730796,13.299989116047012,4.7327952266528905
William,Target_Child,31.266666666666666,2.5406449701161993,12.881416682844295,4.317830368176403
William,Target_Child,31.866666666666667,2.6958085098891584,15.039028639886572,4.438971406337127
William,Target_Child,32.266666666666666,2.660986468717746,14.681857681315519,4.099631961681499
William,Target_Child,32.733333333333334,2.6785433605988267,14.804845609401399,4.639295774054444
William,Target_Child,33.166666666666664,2.6732263196189447,14.644999644100446,4.249498374732036
William,Target_Child,35.0,2.7467029094696045,15.71391423513744,4.496445498045753
William,Target_Child,35.46666666666667,2.7455609177213267,15.694374434500551,4.093338897503704
William,Target_Child,36.36666666666667,2.6937710209190846,15.189954266707419,4.130466931164265
William,Target_Child,36.93333333333333,2.703417733311653,15.208515644060716,3.617105015835097
William,Target_Child,37.5,2.761842017743125,15.987267900193414,4.089697065835766
William,Target_Child,37.833333333333336,2.67942132078862,14.931878605341486,4.634183805118235
William,Target_Child,38.7,2.728121479487015,15.484815397083246,3.9106689166214506
William,Target_Child,39.166666666666664,2.7164485589016314,15.508665790344137,3.879131841382315
William,Target_Child,39.833333333333336,2.717066563086599,15.714775142227873,3.515841009469838
William,Target_Child,40.6,2.734027590901179,15.5109630110929,3.5404824458763575
